run_id,stage_id,phase,block,status,route_mode,skill_coverage,qualified_skills_used,missing_skills,translations_ok,professor_prompts_delivered,director_replies,authority_errors,elapsed_s,frozen,learning_applied,evidence_id
CZARA_C001_20261001T015803_a3e73e,CZARA_C001,CHAMPION_BENCHMARK,REUSE_SPEED,PASS,REUSE,1.0,20,0,True,2,2,0,186.8655,True,False,CZARA-EV-CZARA_C001_20261001T015803_a3e73e
CZARA_C002_20261001T020110_2d3a34,CZARA_C002,CHAMPION_BENCHMARK,REUSE_SPEED,PASS,REUSE,1.0,20,0,True,2,2,0,183.781,True,False,CZARA-EV-CZARA_C002_20261001T020110_2d3a34
CZARA_C003_20261001T020414_9f222a,CZARA_C003,CHAMPION_BENCHMARK,REUSE_SPEED,PASS,REUSE,1.0,20,0,True,3,3,0,230.9058,True,False,CZARA-EV-CZARA_C003_20261001T020414_9f222a
CZARA_C004_20261001T020805_c80a45,CZARA_C004,CHAMPION_BENCHMARK,REUSE_SPEED,PASS,REUSE,1.0,20,0,True,2,2,0,197.6405,True,False,CZARA-EV-CZARA_C004_20261001T020805_c80a45
CZARA_C005_20261001T021122_fbc7ee,CZARA_C005,CHAMPION_BENCHMARK,REUSE_SPEED,PASS,REUSE,1.0,20,0,True,2,2,0,202.296,True,False,CZARA-EV-CZARA_C005_20261001T021122_fbc7ee
CZARA_C006_20261001T021445_f2efb5,CZARA_C006,CHAMPION_BENCHMARK,REUSE_SPEED,PASS,REUSE,1.0,20,0,True,3,3,0,178.8342,True,False,CZARA-EV-CZARA_C006_20261001T021445_f2efb5
CZARA_C007_20261001T021743_df6dd2,CZARA_C007,CHAMPION_BENCHMARK,REUSE_SPEED,PASS,REUSE,1.0,20,0,True,2,2,0,231.3208,True,False,CZARA-EV-CZARA_C007_20261001T021743_df6dd2
CZARA_C008_20261001T022135_20433c,CZARA_C008,CHAMPION_BENCHMARK,REUSE_SPEED,PASS,REUSE,1.0,20,0,True,2,2,0,234.4715,True,False,CZARA-EV-CZARA_C008_20261001T022135_20433c
CZARA_C009_20261001T022529_ef64a2,CZARA_C009,CHAMPION_BENCHMARK,REUSE_SPEED,PASS,REUSE,1.0,20,0,True,3,3,0,200.2485,True,False,CZARA-EV-CZARA_C009_20261001T022529_ef64a2
CZARA_C010_20261001T022849_74c6e0,CZARA_C010,CHAMPION_BENCHMARK,REUSE_SPEED,PASS,REUSE,1.0,20,0,True,2,2,0,225.3246,True,False,CZARA-EV-CZARA_C010_20261001T022849_74c6e0
CZARA_C011_20261001T023235_a1fb52,CZARA_C011,CHAMPION_BENCHMARK,REUSE_SPEED,PASS,REUSE,1.0,20,0,True,2,2,0,196.1912,True,False,CZARA-EV-CZARA_C011_20261001T023235_a1fb52
CZARA_C012_20261001T023551_57d421,CZARA_C012,CHAMPION_BENCHMARK,REUSE_SPEED,PASS,REUSE,1.0,20,0,True,3,3,0,220.1974,True,False,CZARA-EV-CZARA_C012_20261001T023551_57d421
CZARA_C013_20261001T023931_676c10,CZARA_C013,CHAMPION_BENCHMARK,REUSE_SPEED,PASS,REUSE,1.0,20,0,True,2,2,0,203.4274,True,False,CZARA-EV-CZARA_C013_20261001T023931_676c10
CZARA_C014_20261001T024255_b960ef,CZARA_C014,CHAMPION_BENCHMARK,REUSE_SPEED,PASS,REUSE,1.0,20,0,True,2,2,0,196.2404,True,False,CZARA-EV-CZARA_C014_20261001T024255_b960ef
CZARA_C015_20261001T024611_2dfae1,CZARA_C015,CHAMPION_BENCHMARK,REUSE_SPEED,PASS,REUSE,1.0,20,0,True,3,3,0,192.3732,True,False,CZARA-EV-CZARA_C015_20261001T024611_2dfae1
CZARA_C016_20261001T024923_45c72a,CZARA_C016,CHAMPION_BENCHMARK,REUSE_SPEED,PASS,REUSE,1.0,20,0,True,2,2,0,200.7909,True,False,CZARA-EV-CZARA_C016_20261001T024923_45c72a
CZARA_S001_20260929T233354_a739f8,CZARA_S001,TRAINING,ES_BASE,PASS,FULL_FLOW,0.0,0,20,True,2,2,0,212.6472,False,True,CZARA-EV-CZARA_S001_20260929T233354_a739f8
CZARA_S002_20260929T233727_e07987,CZARA_S002,TRAINING,ES_BASE,INCONCLUSIVE,FULL_FLOW,0.0,0,20,True,2,2,0,170.2263,False,True,CZARA-EV-CZARA_S002_20260929T233727_e07987
CZARA_S002_20260930T050915_38f536,CZARA_S002,TRAINING,ES_BASE,INCONCLUSIVE,FULL_FLOW,0.0,0,20,True,2,2,0,155.288,False,True,CZARA-EV-CZARA_S002_20260930T050915_38f536
CZARA_S002_20260930T095756_f9e8ad,CZARA_S002,TRAINING,ES_BASE,INCONCLUSIVE,FULL_FLOW,0.0,0,20,False,0,0,0,148.3387,False,True,CZARA-EV-CZARA_S002_20260930T095756_f9e8ad
CZARA_S002_20260930T144057_9a937b,CZARA_S002,TRAINING,ES_BASE,PASS,FULL_FLOW,0.0,0,20,True,2,2,0,136.0528,False,True,CZARA-EV-CZARA_S002_20260930T144057_9a937b
CZARA_S003_20260929T234017_5b8597,CZARA_S003,TRAINING,ES_BASE,INCONCLUSIVE,FULL_FLOW,0.0,0,20,True,3,3,0,203.5182,False,True,CZARA-EV-CZARA_S003_20260929T234017_5b8597
CZARA_S003_20260930T051150_c3322e,CZARA_S003,TRAINING,ES_BASE,INCONCLUSIVE,FULL_FLOW,0.0,0,20,True,3,3,0,152.8077,False,True,CZARA-EV-CZARA_S003_20260930T051150_c3322e
CZARA_S003_20260930T100024_3c7d25,CZARA_S003,TRAINING,ES_BASE,INCONCLUSIVE,FULL_FLOW,0.0,0,20,False,3,3,0,176.8232,False,True,CZARA-EV-CZARA_S003_20260930T100024_3c7d25
CZARA_S003_20260930T144313_7886c6,CZARA_S003,TRAINING,ES_BASE,INCONCLUSIVE,FULL_FLOW,0.0,0,20,False,1,1,0,272.2367,False,True,CZARA-EV-CZARA_S003_20260930T144313_7886c6
CZARA_S003_20260930T195118_0f12f1,CZARA_S003,TRAINING,ES_BASE,PASS,FULL_FLOW,0.05,1,19,True,3,3,0,200.1986,False,True,CZARA-EV-CZARA_S003_20260930T195118_0f12f1
CZARA_S004_20260929T234340_ed49d5,CZARA_S004,TRAINING,ES_BASE,PASS,FULL_FLOW,0.0,0,20,True,2,2,0,207.4292,False,True,CZARA-EV-CZARA_S004_20260929T234340_ed49d5
CZARA_S005_20260929T234708_9ea79d,CZARA_S005,TRAINING,ES_BASE,INCONCLUSIVE,FULL_FLOW,0.0,0,20,True,2,2,0,195.9017,False,True,CZARA-EV-CZARA_S005_20260929T234708_9ea79d
CZARA_S005_20260930T051423_7b502e,CZARA_S005,TRAINING,ES_BASE,PASS,FULL_FLOW,0.0,0,20,True,2,2,0,177.2919,False,True,CZARA-EV-CZARA_S005_20260930T051423_7b502e
CZARA_S006_20260929T235024_200cc1,CZARA_S006,TRAINING,ES_BASE,INCONCLUSIVE,FULL_FLOW,0.0,0,20,True,3,3,0,192.4869,False,True,CZARA-EV-CZARA_S006_20260929T235024_200cc1
CZARA_S006_20260930T051720_2037de,CZARA_S006,TRAINING,ES_BASE,INCONCLUSIVE,FULL_FLOW,0.0,0,20,True,3,3,0,168.2668,False,True,CZARA-EV-CZARA_S006_20260930T051720_2037de
CZARA_S006_20260930T100321_77812d,CZARA_S006,TRAINING,ES_BASE,INCONCLUSIVE,FULL_FLOW,0.0,0,20,False,2,2,0,100.1714,False,True,CZARA-EV-CZARA_S006_20260930T100321_77812d
CZARA_S006_20260930T144745_f15503,CZARA_S006,TRAINING,ES_BASE,INCONCLUSIVE,FULL_FLOW,0.0,0,20,False,1,1,0,174.149,False,True,CZARA-EV-CZARA_S006_20260930T144745_f15503
CZARA_S006_20260930T195438_c548a4,CZARA_S006,TRAINING,ES_BASE,PASS,FULL_FLOW,0.05,1,19,True,3,3,0,205.1212,False,True,CZARA-EV-CZARA_S006_20260930T195438_c548a4
CZARA_S007_20260929T235336_c8f964,CZARA_S007,TRAINING,ES_BASE,INCONCLUSIVE,FULL_FLOW,0.0,0,20,True,2,2,0,163.5382,False,True,CZARA-EV-CZARA_S007_20260929T235336_c8f964
CZARA_S007_20260930T052009_cfd69a,CZARA_S007,TRAINING,ES_BASE,INCONCLUSIVE,FULL_FLOW,0.0,0,20,True,2,2,0,149.5914,False,True,CZARA-EV-CZARA_S007_20260930T052009_cfd69a
CZARA_S007_20260930T100501_0b1c43,CZARA_S007,TRAINING,ES_BASE,INCONCLUSIVE,FULL_FLOW,0.0,0,20,False,2,2,0,177.6706,False,True,CZARA-EV-CZARA_S007_20260930T100501_0b1c43
CZARA_S007_20260930T145039_a7d2d5,CZARA_S007,TRAINING,ES_BASE,INCONCLUSIVE,FULL_FLOW,0.0,0,20,False,2,2,0,195.3558,False,True,CZARA-EV-CZARA_S007_20260930T145039_a7d2d5
CZARA_S007_20260930T195803_bfcae5,CZARA_S007,TRAINING,ES_BASE,PASS,FULL_FLOW,0.3,6,14,True,2,2,0,184.1779,False,True,CZARA-EV-CZARA_S007_20260930T195803_bfcae5
CZARA_S008_20260929T235620_f818a5,CZARA_S008,TRAINING,ES_BASE,INCONCLUSIVE,FULL_FLOW,0.0,0,20,True,2,2,0,180.3293,False,True,CZARA-EV-CZARA_S008_20260929T235620_f818a5
CZARA_S008_20260930T052238_5a161c,CZARA_S008,TRAINING,ES_BASE,INCONCLUSIVE,FULL_FLOW,0.0,0,20,True,2,2,0,148.02,False,True,CZARA-EV-CZARA_S008_20260930T052238_5a161c
CZARA_S008_20260930T100759_42f41d,CZARA_S008,TRAINING,ES_BASE,INCONCLUSIVE,FULL_FLOW,0.0,0,20,False,1,1,0,153.4777,False,True,CZARA-EV-CZARA_S008_20260930T100759_42f41d
CZARA_S008_20260930T145355_626804,CZARA_S008,TRAINING,ES_BASE,INCONCLUSIVE,FULL_FLOW,0.0,0,20,False,0,0,0,155.9909,False,True,CZARA-EV-CZARA_S008_20260930T145355_626804
CZARA_S008_20260930T200108_6dc332,CZARA_S008,TRAINING,ES_BASE,PASS,FULL_FLOW,0.15,3,17,True,2,2,0,193.2564,False,True,CZARA-EV-CZARA_S008_20260930T200108_6dc332
CZARA_S009_20260929T235920_fb47ea,CZARA_S009,TRAINING,ES_BASE,INCONCLUSIVE,FULL_FLOW,0.0,0,20,True,3,3,0,184.8676,False,True,CZARA-EV-CZARA_S009_20260929T235920_fb47ea
CZARA_S009_20260930T052506_c60604,CZARA_S009,TRAINING,ES_BASE,INCONCLUSIVE,FULL_FLOW,0.0,0,20,True,3,3,0,162.3208,False,True,CZARA-EV-CZARA_S009_20260930T052506_c60604
CZARA_S009_20260930T101033_9f80a8,CZARA_S009,TRAINING,ES_BASE,INCONCLUSIVE,FULL_FLOW,0.0,0,20,False,2,2,0,182.2842,False,True,CZARA-EV-CZARA_S009_20260930T101033_9f80a8
CZARA_S009_20260930T145631_d9298a,CZARA_S009,TRAINING,ES_BASE,INCONCLUSIVE,FULL_FLOW,0.0,0,20,False,2,2,0,184.3666,False,True,CZARA-EV-CZARA_S009_20260930T145631_d9298a
CZARA_S009_20260930T200421_0816cc,CZARA_S009,TRAINING,ES_BASE,PASS,FULL_FLOW,0.0,0,20,True,3,3,0,313.5425,False,True,CZARA-EV-CZARA_S009_20260930T200421_0816cc
CZARA_S010_20260930T000225_4e553e,CZARA_S010,TRAINING,ES_BASE,INCONCLUSIVE,FULL_FLOW,0.0,0,20,True,2,2,0,162.3756,False,True,CZARA-EV-CZARA_S010_20260930T000225_4e553e
CZARA_S010_20260930T052749_786b2a,CZARA_S010,TRAINING,ES_BASE,INCONCLUSIVE,FULL_FLOW,0.0,0,20,True,2,2,0,156.9648,False,True,CZARA-EV-CZARA_S010_20260930T052749_786b2a
CZARA_S010_20260930T101335_4f0702,CZARA_S010,TRAINING,ES_BASE,INCONCLUSIVE,FULL_FLOW,0.0,0,20,False,1,1,0,152.2762,False,True,CZARA-EV-CZARA_S010_20260930T101335_4f0702
CZARA_S010_20260930T145935_34ba2f,CZARA_S010,TRAINING,ES_BASE,INCONCLUSIVE,FULL_FLOW,0.0,0,20,False,2,2,0,184.1343,False,True,CZARA-EV-CZARA_S010_20260930T145935_34ba2f
CZARA_S010_20260930T200934_a33e8f,CZARA_S010,TRAINING,ES_BASE,PASS,FULL_FLOW,0.0,0,20,True,2,2,0,185.2624,False,True,CZARA-EV-CZARA_S010_20260930T200934_a33e8f
CZARA_S011_20260930T000507_d3d138,CZARA_S011,TRAINING,ROLES,INCONCLUSIVE,FULL_FLOW,0.0,0,20,True,2,2,0,172.4471,False,True,CZARA-EV-CZARA_S011_20260930T000507_d3d138
CZARA_S011_20260930T053026_5f9f00,CZARA_S011,TRAINING,ROLES,INCONCLUSIVE,FULL_FLOW,0.0,0,20,True,2,2,0,150.6439,False,True,CZARA-EV-CZARA_S011_20260930T053026_5f9f00
CZARA_S011_20260930T101607_f19b7d,CZARA_S011,TRAINING,ROLES,INCONCLUSIVE,FULL_FLOW,0.0,0,20,False,2,2,0,169.5265,False,True,CZARA-EV-CZARA_S011_20260930T101607_f19b7d
CZARA_S011_20260930T150239_42c7a6,CZARA_S011,TRAINING,ROLES,INCONCLUSIVE,FULL_FLOW,0.0,0,20,False,0,0,0,149.3894,False,True,CZARA-EV-CZARA_S011_20260930T150239_42c7a6
CZARA_S011_20260930T201240_4a44a1,CZARA_S011,TRAINING,ROLES,PASS,FULL_FLOW,0.0,0,20,True,2,2,0,244.5999,False,True,CZARA-EV-CZARA_S011_20260930T201240_4a44a1
CZARA_S012_20260930T000800_7a9b3f,CZARA_S012,TRAINING,ROLES,INCONCLUSIVE,FULL_FLOW,0.0,0,20,True,3,3,0,207.2714,False,True,CZARA-EV-CZARA_S012_20260930T000800_7a9b3f
CZARA_S012_20260930T053256_cf22a6,CZARA_S012,TRAINING,ROLES,INCONCLUSIVE,FULL_FLOW,0.0,0,20,False,2,2,0,181.417,False,True,CZARA-EV-CZARA_S012_20260930T053256_cf22a6
CZARA_S012_20260930T101857_1ac298,CZARA_S012,TRAINING,ROLES,INCONCLUSIVE,FULL_FLOW,0.0,0,20,False,1,1,0,153.1218,False,True,CZARA-EV-CZARA_S012_20260930T101857_1ac298
CZARA_S012_20260930T150509_7242fc,CZARA_S012,TRAINING,ROLES,INCONCLUSIVE,FULL_FLOW,0.0,0,20,False,0,0,0,147.4811,False,True,CZARA-EV-CZARA_S012_20260930T150509_7242fc
CZARA_S012_20260930T201644_c108c2,CZARA_S012,TRAINING,ROLES,PASS,FULL_FLOW,0.0,0,20,True,3,3,0,222.7533,False,True,CZARA-EV-CZARA_S012_20260930T201644_c108c2
CZARA_S013_20260930T001127_171ac3,CZARA_S013,TRAINING,ROLES,INCONCLUSIVE,FULL_FLOW,0.0,0,20,True,2,2,0,163.1333,False,True,CZARA-EV-CZARA_S013_20260930T001127_171ac3
CZARA_S013_20260930T053558_097d7c,CZARA_S013,TRAINING,ROLES,INCONCLUSIVE,FULL_FLOW,0.0,0,20,False,1,1,0,166.2817,False,True,CZARA-EV-CZARA_S013_20260930T053558_097d7c
CZARA_S013_20260930T102130_af25d1,CZARA_S013,TRAINING,ROLES,INCONCLUSIVE,FULL_FLOW,0.0,0,20,False,0,0,0,182.357,False,True,CZARA-EV-CZARA_S013_20260930T102130_af25d1
CZARA_S013_20260930T150736_7ef691,CZARA_S013,TRAINING,ROLES,INCONCLUSIVE,FULL_FLOW,0.0,0,20,False,1,1,0,163.872,False,True,CZARA-EV-CZARA_S013_20260930T150736_7ef691
CZARA_S013_20260930T202027_13d900,CZARA_S013,TRAINING,ROLES,PASS,FULL_FLOW,0.0,0,20,True,2,2,0,197.0788,False,True,CZARA-EV-CZARA_S013_20260930T202027_13d900
CZARA_S014_20260930T001410_a510b0,CZARA_S014,TRAINING,ROLES,INCONCLUSIVE,FULL_FLOW,0.0,0,20,True,2,2,0,200.954,False,True,CZARA-EV-CZARA_S014_20260930T001410_a510b0
CZARA_S014_20260930T053844_cca195,CZARA_S014,TRAINING,ROLES,INCONCLUSIVE,FULL_FLOW,0.0,0,20,False,0,0,0,150.344,False,True,CZARA-EV-CZARA_S014_20260930T053844_cca195
CZARA_S014_20260930T102432_b09581,CZARA_S014,TRAINING,ROLES,INCONCLUSIVE,FULL_FLOW,0.0,0,20,False,1,1,0,151.9438,False,True,CZARA-EV-CZARA_S014_20260930T102432_b09581
CZARA_S014_20260930T151020_a06cc1,CZARA_S014,TRAINING,ROLES,INCONCLUSIVE,FULL_FLOW,0.0,0,20,False,0,0,0,153.9615,False,True,CZARA-EV-CZARA_S014_20260930T151020_a06cc1
CZARA_S014_20260930T202344_e7d649,CZARA_S014,TRAINING,ROLES,PASS,FULL_FLOW,0.15,3,17,True,2,2,0,278.2556,False,True,CZARA-EV-CZARA_S014_20260930T202344_e7d649
CZARA_S015_20260930T001731_9204a6,CZARA_S015,TRAINING,ROLES,INCONCLUSIVE,FULL_FLOW,0.0,0,20,True,3,3,0,161.298,False,True,CZARA-EV-CZARA_S015_20260930T001731_9204a6
CZARA_S015_20260930T054114_9349bc,CZARA_S015,TRAINING,ROLES,INCONCLUSIVE,FULL_FLOW,0.0,0,20,False,3,3,0,199.856,False,True,CZARA-EV-CZARA_S015_20260930T054114_9349bc
CZARA_S015_20260930T102704_75381d,CZARA_S015,TRAINING,ROLES,INCONCLUSIVE,FULL_FLOW,0.0,0,20,False,2,2,0,313.6002,False,True,CZARA-EV-CZARA_S015_20260930T102704_75381d
CZARA_S015_20260930T151254_1f36bb,CZARA_S015,TRAINING,ROLES,INCONCLUSIVE,FULL_FLOW,0.0,0,20,False,2,2,0,170.9298,False,True,CZARA-EV-CZARA_S015_20260930T151254_1f36bb
CZARA_S015_20260930T202823_a8cf98,CZARA_S015,TRAINING,ROLES,PASS,FULL_FLOW,0.0,0,20,True,3,3,0,350.8364,False,True,CZARA-EV-CZARA_S015_20260930T202823_a8cf98
CZARA_S016_20260930T002013_b1c7b1,CZARA_S016,TRAINING,ROLES,INCONCLUSIVE,FULL_FLOW,0.0,0,20,True,2,2,0,158.2296,False,True,CZARA-EV-CZARA_S016_20260930T002013_b1c7b1
CZARA_S016_20260930T054434_ec3a60,CZARA_S016,TRAINING,ROLES,INCONCLUSIVE,FULL_FLOW,0.0,0,20,False,1,1,0,163.3825,False,True,CZARA-EV-CZARA_S016_20260930T054434_ec3a60
CZARA_S016_20260930T103218_c34785,CZARA_S016,TRAINING,ROLES,INCONCLUSIVE,FULL_FLOW,0.0,0,20,False,2,2,0,102.6798,False,True,CZARA-EV-CZARA_S016_20260930T103218_c34785
CZARA_S016_20260930T151545_036c62,CZARA_S016,TRAINING,ROLES,INCONCLUSIVE,FULL_FLOW,0.0,0,20,False,0,0,0,155.1875,False,True,CZARA-EV-CZARA_S016_20260930T151545_036c62
CZARA_S016_20260930T203413_45b94a,CZARA_S016,TRAINING,ROLES,PASS,FULL_FLOW,0.0,0,20,True,2,2,0,200.1497,False,True,CZARA-EV-CZARA_S016_20260930T203413_45b94a
CZARA_S017_20260930T002251_822199,CZARA_S017,TRAINING,ROLES,INCONCLUSIVE,FULL_FLOW,0.0,0,20,True,2,2,0,168.3856,False,True,CZARA-EV-CZARA_S017_20260930T002251_822199
CZARA_S017_20260930T054718_d3850a,CZARA_S017,TRAINING,ROLES,INCONCLUSIVE,FULL_FLOW,0.0,0,20,False,1,1,0,148.6957,False,True,CZARA-EV-CZARA_S017_20260930T054718_d3850a
CZARA_S017_20260930T103400_a0fbac,CZARA_S017,TRAINING,ROLES,INCONCLUSIVE,FULL_FLOW,0.0,0,20,False,0,0,0,98.4347,False,True,CZARA-EV-CZARA_S017_20260930T103400_a0fbac
CZARA_S017_20260930T151820_60ea57,CZARA_S017,TRAINING,ROLES,INCONCLUSIVE,FULL_FLOW,0.0,0,20,False,1,1,0,161.532,False,True,CZARA-EV-CZARA_S017_20260930T151820_60ea57
CZARA_S017_20260930T203734_d24a43,CZARA_S017,TRAINING,ROLES,PASS,FULL_FLOW,0.1,2,18,True,2,2,0,166.6206,False,True,CZARA-EV-CZARA_S017_20260930T203734_d24a43
CZARA_S018_20260930T002539_7e37a9,CZARA_S018,TRAINING,ROLES,INCONCLUSIVE,FULL_FLOW,0.0,0,20,True,3,3,0,163.2259,False,True,CZARA-EV-CZARA_S018_20260930T002539_7e37a9
CZARA_S018_20260930T054946_e7fcfe,CZARA_S018,TRAINING,ROLES,INCONCLUSIVE,FULL_FLOW,0.0,0,20,False,3,3,0,233.5485,False,True,CZARA-EV-CZARA_S018_20260930T054946_e7fcfe
CZARA_S018_20260930T103539_17add8,CZARA_S018,TRAINING,ROLES,INCONCLUSIVE,FULL_FLOW,0.0,0,20,False,1,1,0,155.3186,False,True,CZARA-EV-CZARA_S018_20260930T103539_17add8
CZARA_S018_20260930T152102_e4ee8e,CZARA_S018,TRAINING,ROLES,INCONCLUSIVE,FULL_FLOW,0.0,0,20,False,1,1,0,162.2121,False,True,CZARA-EV-CZARA_S018_20260930T152102_e4ee8e
CZARA_S018_20260930T204020_0a247f,CZARA_S018,TRAINING,ROLES,PASS,FULL_FLOW,0.0,0,20,True,3,3,0,267.4259,False,True,CZARA-EV-CZARA_S018_20260930T204020_0a247f
CZARA_S019_20260930T002822_a8feca,CZARA_S019,TRAINING,ROLES,INCONCLUSIVE,FULL_FLOW,0.0,0,20,True,2,2,0,183.558,False,True,CZARA-EV-CZARA_S019_20260930T002822_a8feca
CZARA_S019_20260930T055340_ab02cd,CZARA_S019,TRAINING,ROLES,INCONCLUSIVE,FULL_FLOW,0.0,0,20,False,1,1,0,152.8791,False,True,CZARA-EV-CZARA_S019_20260930T055340_ab02cd
CZARA_S019_20260930T103814_939dbc,CZARA_S019,TRAINING,ROLES,INCONCLUSIVE,FULL_FLOW,0.0,0,20,False,0,0,0,150.1191,False,True,CZARA-EV-CZARA_S019_20260930T103814_939dbc
CZARA_S019_20260930T152344_5e3be0,CZARA_S019,TRAINING,ROLES,INCONCLUSIVE,FULL_FLOW,0.0,0,20,False,2,2,0,278.1652,False,True,CZARA-EV-CZARA_S019_20260930T152344_5e3be0
CZARA_S019_20260930T204448_476710,CZARA_S019,TRAINING,ROLES,PASS,FULL_FLOW,0.0,0,20,True,2,2,0,166.8443,False,True,CZARA-EV-CZARA_S019_20260930T204448_476710
CZARA_S020_20260930T003126_557d5e,CZARA_S020,TRAINING,ROLES,PASS,FULL_FLOW,0.0,0,20,True,2,2,0,182.324,False,True,CZARA-EV-CZARA_S020_20260930T003126_557d5e
CZARA_S021_20260930T003428_3fe119,CZARA_S021,TRAINING,AUTHORITY,INCONCLUSIVE,FULL_FLOW,0.0,0,20,True,3,3,0,153.3542,False,True,CZARA-EV-CZARA_S021_20260930T003428_3fe119
CZARA_S021_20260930T055613_56090c,CZARA_S021,TRAINING,AUTHORITY,INCONCLUSIVE,FULL_FLOW,0.0,0,20,False,0,0,0,152.3424,False,True,CZARA-EV-CZARA_S021_20260930T055613_56090c
CZARA_S021_20260930T104044_e31037,CZARA_S021,TRAINING,AUTHORITY,INCONCLUSIVE,FULL_FLOW,0.0,0,20,False,2,2,0,175.6231,False,True,CZARA-EV-CZARA_S021_20260930T104044_e31037
CZARA_S021_20260930T152822_51b28a,CZARA_S021,TRAINING,AUTHORITY,INCONCLUSIVE,FULL_FLOW,0.0,0,20,False,2,2,0,230.2426,False,True,CZARA-EV-CZARA_S021_20260930T152822_51b28a
CZARA_S021_20260930T204735_796f2f,CZARA_S021,TRAINING,AUTHORITY,PASS,FULL_FLOW,0.15,3,17,True,3,3,0,211.6891,False,True,CZARA-EV-CZARA_S021_20260930T204735_796f2f
CZARA_S022_20260930T003702_30eab2,CZARA_S022,TRAINING,AUTHORITY,INCONCLUSIVE,FULL_FLOW,0.0,0,20,True,2,2,0,151.0513,False,True,CZARA-EV-CZARA_S022_20260930T003702_30eab2
CZARA_S022_20260930T055845_54d551,CZARA_S022,TRAINING,AUTHORITY,INCONCLUSIVE,FULL_FLOW,0.0,0,20,False,1,1,0,156.6604,False,True,CZARA-EV-CZARA_S022_20260930T055845_54d551
CZARA_S022_20260930T104340_ab18cf,CZARA_S022,TRAINING,AUTHORITY,INCONCLUSIVE,FULL_FLOW,0.0,0,20,False,0,0,0,157.4643,False,True,CZARA-EV-CZARA_S022_20260930T104340_ab18cf
CZARA_S022_20260930T153213_d6e0ac,CZARA_S022,TRAINING,AUTHORITY,INCONCLUSIVE,FULL_FLOW,0.0,0,20,False,1,1,0,178.9752,False,True,CZARA-EV-CZARA_S022_20260930T153213_d6e0ac
CZARA_S022_20260930T205106_5339c0,CZARA_S022,TRAINING,AUTHORITY,PASS,FULL_FLOW,0.05,1,19,True,2,2,0,269.7992,False,True,CZARA-EV-CZARA_S022_20260930T205106_5339c0
CZARA_S023_20260930T003933_6b3ac6,CZARA_S023,TRAINING,AUTHORITY,INCONCLUSIVE,FULL_FLOW,0.0,0,20,True,2,2,0,156.8353,False,True,CZARA-EV-CZARA_S023_20260930T003933_6b3ac6
CZARA_S023_20260930T060122_1cc2f0,CZARA_S023,TRAINING,AUTHORITY,INCONCLUSIVE,FULL_FLOW,0.05,1,19,False,2,2,0,156.3378,False,True,CZARA-EV-CZARA_S023_20260930T060122_1cc2f0
CZARA_S023_20260930T104618_f0dd1e,CZARA_S023,TRAINING,AUTHORITY,INCONCLUSIVE,FULL_FLOW,0.05,1,19,False,1,1,0,151.5821,False,True,CZARA-EV-CZARA_S023_20260930T104618_f0dd1e
CZARA_S023_20260930T153512_c8e195,CZARA_S023,TRAINING,AUTHORITY,INCONCLUSIVE,FULL_FLOW,0.05,1,19,False,0,0,0,151.9621,False,True,CZARA-EV-CZARA_S023_20260930T153512_c8e195
CZARA_S023_20260930T205536_8adea9,CZARA_S023,TRAINING,AUTHORITY,PASS,FULL_FLOW,0.3,6,14,True,2,2,0,175.5057,False,True,CZARA-EV-CZARA_S023_20260930T205536_8adea9
CZARA_S024_20260930T004210_8e879d,CZARA_S024,TRAINING,AUTHORITY,INCONCLUSIVE,FULL_FLOW,0.0,0,20,True,3,3,0,255.4921,False,True,CZARA-EV-CZARA_S024_20260930T004210_8e879d
CZARA_S024_20260930T060358_8a0ea9,CZARA_S024,TRAINING,AUTHORITY,INCONCLUSIVE,FULL_FLOW,0.0,0,20,False,2,2,0,173.6103,False,True,CZARA-EV-CZARA_S024_20260930T060358_8a0ea9
CZARA_S024_20260930T104849_f75855,CZARA_S024,TRAINING,AUTHORITY,INCONCLUSIVE,FULL_FLOW,0.0,0,20,False,1,1,0,186.3131,False,True,CZARA-EV-CZARA_S024_20260930T104849_f75855
CZARA_S024_20260930T153744_171cb4,CZARA_S024,TRAINING,AUTHORITY,INCONCLUSIVE,FULL_FLOW,0.0,0,20,False,2,2,0,182.4933,False,True,CZARA-EV-CZARA_S024_20260930T153744_171cb4
CZARA_S024_20260930T205832_fa717d,CZARA_S024,TRAINING,AUTHORITY,PASS,FULL_FLOW,0.25,5,15,True,3,3,0,194.1515,False,True,CZARA-EV-CZARA_S024_20260930T205832_fa717d
CZARA_S025_20260930T004625_b758f5,CZARA_S025,TRAINING,AUTHORITY,INCONCLUSIVE,FULL_FLOW,0.0,0,20,True,2,2,0,165.9396,False,True,CZARA-EV-CZARA_S025_20260930T004625_b758f5
CZARA_S025_20260930T060652_211bf6,CZARA_S025,TRAINING,AUTHORITY,INCONCLUSIVE,FULL_FLOW,0.0,0,20,False,2,2,0,175.7535,False,True,CZARA-EV-CZARA_S025_20260930T060652_211bf6
CZARA_S025_20260930T105155_f86b42,CZARA_S025,TRAINING,AUTHORITY,INCONCLUSIVE,FULL_FLOW,0.0,0,20,False,1,1,0,161.1511,False,True,CZARA-EV-CZARA_S025_20260930T105155_f86b42
CZARA_S025_20260930T154046_a0cea7,CZARA_S025,TRAINING,AUTHORITY,INCONCLUSIVE,FULL_FLOW,0.0,0,20,False,1,1,0,166.4952,False,True,CZARA-EV-CZARA_S025_20260930T154046_a0cea7
CZARA_S025_20260930T210146_ff24c8,CZARA_S025,TRAINING,AUTHORITY,PASS,FULL_FLOW,0.15,3,17,True,2,2,0,242.2859,False,True,CZARA-EV-CZARA_S025_20260930T210146_ff24c8
CZARA_S026_20260930T004911_32bbfd,CZARA_S026,TRAINING,AUTHORITY,INCONCLUSIVE,FULL_FLOW,0.0,0,20,True,2,2,0,173.623,False,True,CZARA-EV-CZARA_S026_20260930T004911_32bbfd
CZARA_S026_20260930T060948_a2e5cd,CZARA_S026,TRAINING,AUTHORITY,INCONCLUSIVE,FULL_FLOW,0.0,0,20,False,0,0,0,149.9803,False,True,CZARA-EV-CZARA_S026_20260930T060948_a2e5cd
CZARA_S026_20260930T105437_9cf748,CZARA_S026,TRAINING,AUTHORITY,INCONCLUSIVE,FULL_FLOW,0.0,0,20,False,1,1,0,156.1149,False,True,CZARA-EV-CZARA_S026_20260930T105437_9cf748
CZARA_S026_20260930T154333_3c4a87,CZARA_S026,TRAINING,AUTHORITY,INCONCLUSIVE,FULL_FLOW,0.0,0,20,False,2,2,0,156.5795,False,True,CZARA-EV-CZARA_S026_20260930T154333_3c4a87
CZARA_S026_20260930T210548_3c693d,CZARA_S026,TRAINING,AUTHORITY,INCONCLUSIVE,FULL_FLOW,0.3,6,14,False,1,1,0,171.2764,False,True,CZARA-EV-CZARA_S026_20260930T210548_3c693d
CZARA_S026_20261001T002159_02d4ea,CZARA_S026,TRAINING,AUTHORITY,PASS,ADAPT,0.6,12,8,True,2,2,0,197.2501,False,True,CZARA-EV-CZARA_S026_20261001T002159_02d4ea
CZARA_S027_20260930T005205_d5b210,CZARA_S027,TRAINING,AUTHORITY,INCONCLUSIVE,FULL_FLOW,0.0,0,20,True,3,3,0,189.7708,False,True,CZARA-EV-CZARA_S027_20260930T005205_d5b210
CZARA_S027_20260930T061218_2d07bd,CZARA_S027,TRAINING,AUTHORITY,INCONCLUSIVE,FULL_FLOW,0.0,0,20,False,1,1,0,159.7758,False,True,CZARA-EV-CZARA_S027_20260930T061218_2d07bd
CZARA_S027_20260930T105713_957bfa,CZARA_S027,TRAINING,AUTHORITY,INCONCLUSIVE,FULL_FLOW,0.0,0,20,False,2,2,0,161.0524,False,True,CZARA-EV-CZARA_S027_20260930T105713_957bfa
CZARA_S027_20260930T154609_a0ba7d,CZARA_S027,TRAINING,AUTHORITY,INCONCLUSIVE,FULL_FLOW,0.0,0,20,False,0,0,0,165.6077,False,True,CZARA-EV-CZARA_S027_20260930T154609_a0ba7d
CZARA_S027_20260930T210839_517c24,CZARA_S027,TRAINING,AUTHORITY,PASS,FULL_FLOW,0.3,6,14,True,3,3,0,356.8022,False,True,CZARA-EV-CZARA_S027_20260930T210839_517c24
CZARA_S028_20260930T005515_5f9687,CZARA_S028,TRAINING,AUTHORITY,INCONCLUSIVE,FULL_FLOW,0.0,0,20,True,2,2,0,161.304,False,True,CZARA-EV-CZARA_S028_20260930T005515_5f9687
CZARA_S028_20260930T061457_9a14bf,CZARA_S028,TRAINING,AUTHORITY,INCONCLUSIVE,FULL_FLOW,0.0,0,20,False,0,0,0,151.4413,False,True,CZARA-EV-CZARA_S028_20260930T061457_9a14bf
CZARA_S028_20260930T105954_a5bcf8,CZARA_S028,TRAINING,AUTHORITY,INCONCLUSIVE,FULL_FLOW,0.0,0,20,False,0,0,0,148.0877,False,True,CZARA-EV-CZARA_S028_20260930T105954_a5bcf8
CZARA_S028_20260930T154855_aa622d,CZARA_S028,TRAINING,AUTHORITY,INCONCLUSIVE,FULL_FLOW,0.0,0,20,False,1,1,0,150.9365,False,True,CZARA-EV-CZARA_S028_20260930T154855_aa622d
CZARA_S028_20260930T211436_141d7b,CZARA_S028,TRAINING,AUTHORITY,PASS,FULL_FLOW,0.05,1,19,True,2,2,0,181.4496,False,True,CZARA-EV-CZARA_S028_20260930T211436_141d7b
CZARA_S029_20260930T005756_3b7625,CZARA_S029,TRAINING,AUTHORITY,INCONCLUSIVE,FULL_FLOW,0.0,0,20,True,2,2,0,169.1277,False,True,CZARA-EV-CZARA_S029_20260930T005756_3b7625
CZARA_S029_20260930T061729_eac6fc,CZARA_S029,TRAINING,AUTHORITY,INCONCLUSIVE,FULL_FLOW,0.0,0,20,False,1,1,0,156.9209,False,True,CZARA-EV-CZARA_S029_20260930T061729_eac6fc
CZARA_S029_20260930T110222_aa39d2,CZARA_S029,TRAINING,AUTHORITY,INCONCLUSIVE,FULL_FLOW,0.0,0,20,False,1,1,0,165.1141,False,True,CZARA-EV-CZARA_S029_20260930T110222_aa39d2
CZARA_S029_20260930T155126_f2dc39,CZARA_S029,TRAINING,AUTHORITY,INCONCLUSIVE,FULL_FLOW,0.0,0,20,False,1,1,0,162.1336,False,True,CZARA-EV-CZARA_S029_20260930T155126_f2dc39
CZARA_S029_20260930T211738_493548,CZARA_S029,TRAINING,AUTHORITY,PASS,FULL_FLOW,0.35,7,13,True,2,2,0,175.2108,False,True,CZARA-EV-CZARA_S029_20260930T211738_493548
CZARA_S030_20260930T010045_efe67d,CZARA_S030,TRAINING,AUTHORITY,INCONCLUSIVE,FULL_FLOW,0.0,0,20,True,3,3,0,180.5196,False,True,CZARA-EV-CZARA_S030_20260930T010045_efe67d
CZARA_S030_20260930T062006_5ee504,CZARA_S030,TRAINING,AUTHORITY,PASS,FULL_FLOW,0.0,0,20,True,3,3,0,77.6918,False,True,CZARA-EV-CZARA_S030_20260930T062006_5ee504
CZARA_S031_20260930T010346_071389,CZARA_S031,TRAINING,MULTIPARTY,PASS,FULL_FLOW,0.0,0,20,True,2,2,0,177.0555,False,True,CZARA-EV-CZARA_S031_20260930T010346_071389
CZARA_S032_20260930T010643_6d5fa4,CZARA_S032,TRAINING,MULTIPARTY,PASS,FULL_FLOW,0.0,0,20,True,2,2,0,181.6575,False,True,CZARA-EV-CZARA_S032_20260930T010643_6d5fa4
CZARA_S033_20260930T010944_bbbe08,CZARA_S033,TRAINING,MULTIPARTY,INCONCLUSIVE,FULL_FLOW,0.0,0,20,True,3,3,0,169.7638,False,True,CZARA-EV-CZARA_S033_20260930T010944_bbbe08
CZARA_S033_20260930T062124_488063,CZARA_S033,TRAINING,MULTIPARTY,INCONCLUSIVE,FULL_FLOW,0.0,0,20,False,1,1,0,167.0577,False,True,CZARA-EV-CZARA_S033_20260930T062124_488063
CZARA_S033_20260930T110507_06f820,CZARA_S033,TRAINING,MULTIPARTY,INCONCLUSIVE,FULL_FLOW,0.0,0,20,False,1,1,0,169.5222,False,True,CZARA-EV-CZARA_S033_20260930T110507_06f820
CZARA_S033_20260930T155408_84a316,CZARA_S033,TRAINING,MULTIPARTY,INCONCLUSIVE,FULL_FLOW,0.0,0,20,False,2,2,0,233.5893,False,True,CZARA-EV-CZARA_S033_20260930T155408_84a316
CZARA_S033_20260930T212033_c0212f,CZARA_S033,TRAINING,MULTIPARTY,PASS,FULL_FLOW,0.05,1,19,True,3,3,0,177.1386,False,True,CZARA-EV-CZARA_S033_20260930T212033_c0212f
CZARA_S034_20260930T011234_93788b,CZARA_S034,TRAINING,MULTIPARTY,INCONCLUSIVE,FULL_FLOW,0.0,0,20,True,2,2,0,167.708,False,True,CZARA-EV-CZARA_S034_20260930T011234_93788b
CZARA_S034_20260930T062411_7103d9,CZARA_S034,TRAINING,MULTIPARTY,INCONCLUSIVE,FULL_FLOW,0.0,0,20,False,1,1,0,178.8674,False,True,CZARA-EV-CZARA_S034_20260930T062411_7103d9
CZARA_S034_20260930T110757_57c6dd,CZARA_S034,TRAINING,MULTIPARTY,INCONCLUSIVE,FULL_FLOW,0.0,0,20,False,2,2,0,198.0324,False,True,CZARA-EV-CZARA_S034_20260930T110757_57c6dd
CZARA_S034_20260930T155802_d50e45,CZARA_S034,TRAINING,MULTIPARTY,INCONCLUSIVE,FULL_FLOW,0.0,0,20,False,0,0,0,149.7871,False,True,CZARA-EV-CZARA_S034_20260930T155802_d50e45
CZARA_S034_20260930T212330_9c5d88,CZARA_S034,TRAINING,MULTIPARTY,PASS,FULL_FLOW,0.1,2,18,True,2,2,0,251.3791,False,True,CZARA-EV-CZARA_S034_20260930T212330_9c5d88
CZARA_S035_20260930T011522_af9691,CZARA_S035,TRAINING,MULTIPARTY,INCONCLUSIVE,FULL_FLOW,0.0,0,20,True,2,2,0,172.5466,False,True,CZARA-EV-CZARA_S035_20260930T011522_af9691
CZARA_S035_20260930T062710_1a4993,CZARA_S035,TRAINING,MULTIPARTY,INCONCLUSIVE,FULL_FLOW,0.0,0,20,False,2,2,0,172.0435,False,True,CZARA-EV-CZARA_S035_20260930T062710_1a4993
CZARA_S035_20260930T111115_dc240e,CZARA_S035,TRAINING,MULTIPARTY,INCONCLUSIVE,FULL_FLOW,0.0,0,20,False,0,0,0,155.4973,False,True,CZARA-EV-CZARA_S035_20260930T111115_dc240e
CZARA_S035_20260930T160031_5c4b04,CZARA_S035,TRAINING,MULTIPARTY,INCONCLUSIVE,FULL_FLOW,0.0,0,20,False,1,1,0,152.9774,False,True,CZARA-EV-CZARA_S035_20260930T160031_5c4b04
CZARA_S035_20260930T212742_8e995c,CZARA_S035,TRAINING,MULTIPARTY,PASS,FULL_FLOW,0.2,4,16,True,2,2,0,187.3845,False,True,CZARA-EV-CZARA_S035_20260930T212742_8e995c
CZARA_S036_20260930T011814_33bab9,CZARA_S036,TRAINING,MULTIPARTY,INCONCLUSIVE,FULL_FLOW,0.0,0,20,True,3,3,0,212.676,False,True,CZARA-EV-CZARA_S036_20260930T011814_33bab9
CZARA_S036_20260930T063002_d315fe,CZARA_S036,TRAINING,MULTIPARTY,INCONCLUSIVE,FULL_FLOW,0.2,4,16,False,2,2,0,174.6324,False,True,CZARA-EV-CZARA_S036_20260930T063002_d315fe
CZARA_S036_20260930T111350_17d9f8,CZARA_S036,TRAINING,MULTIPARTY,INCONCLUSIVE,FULL_FLOW,0.2,4,16,False,1,1,0,167.2475,False,True,CZARA-EV-CZARA_S036_20260930T111350_17d9f8
CZARA_S036_20260930T160304_c2d9cc,CZARA_S036,TRAINING,MULTIPARTY,INCONCLUSIVE,FULL_FLOW,0.2,4,16,False,1,1,0,200.2809,False,True,CZARA-EV-CZARA_S036_20260930T160304_c2d9cc
CZARA_S036_20260930T213049_78087c,CZARA_S036,TRAINING,MULTIPARTY,PASS,ADAPT,0.75,15,5,True,3,3,0,254.7191,False,True,CZARA-EV-CZARA_S036_20260930T213049_78087c
CZARA_S037_20260930T012147_f06136,CZARA_S037,TRAINING,MULTIPARTY,INCONCLUSIVE,FULL_FLOW,0.0,0,20,True,2,2,0,165.7712,False,True,CZARA-EV-CZARA_S037_20260930T012147_f06136
CZARA_S037_20260930T063256_0db53e,CZARA_S037,TRAINING,MULTIPARTY,INCONCLUSIVE,FULL_FLOW,0.0,0,20,False,1,1,0,171.1094,False,True,CZARA-EV-CZARA_S037_20260930T063256_0db53e
CZARA_S037_20260930T111638_cdd10e,CZARA_S037,TRAINING,MULTIPARTY,INCONCLUSIVE,FULL_FLOW,0.0,0,20,False,1,1,0,170.9359,False,True,CZARA-EV-CZARA_S037_20260930T111638_cdd10e
CZARA_S037_20260930T160625_d1c1e1,CZARA_S037,TRAINING,MULTIPARTY,INCONCLUSIVE,FULL_FLOW,0.0,0,20,False,2,2,0,212.7006,False,True,CZARA-EV-CZARA_S037_20260930T160625_d1c1e1
CZARA_S037_20260930T213504_f6870f,CZARA_S037,TRAINING,MULTIPARTY,PASS,FULL_FLOW,0.3,6,14,True,2,2,0,217.8167,False,True,CZARA-EV-CZARA_S037_20260930T213504_f6870f
CZARA_S038_20260930T012433_cc4331,CZARA_S038,TRAINING,MULTIPARTY,INCONCLUSIVE,FULL_FLOW,0.0,0,20,True,2,2,0,177.9703,False,True,CZARA-EV-CZARA_S038_20260930T012433_cc4331
CZARA_S038_20260930T063547_72e0fc,CZARA_S038,TRAINING,MULTIPARTY,INCONCLUSIVE,FULL_FLOW,0.0,0,20,False,0,0,0,152.2966,False,True,CZARA-EV-CZARA_S038_20260930T063547_72e0fc
CZARA_S038_20260930T111929_75c816,CZARA_S038,TRAINING,MULTIPARTY,INCONCLUSIVE,FULL_FLOW,0.0,0,20,False,0,0,0,151.5714,False,True,CZARA-EV-CZARA_S038_20260930T111929_75c816
CZARA_S038_20260930T160957_f30d9a,CZARA_S038,TRAINING,MULTIPARTY,INCONCLUSIVE,FULL_FLOW,0.0,0,20,False,1,1,0,178.8898,False,True,CZARA-EV-CZARA_S038_20260930T160957_f30d9a
CZARA_S038_20260930T213842_840a0e,CZARA_S038,TRAINING,MULTIPARTY,PASS,FULL_FLOW,0.25,5,15,True,2,2,0,199.4398,False,True,CZARA-EV-CZARA_S038_20260930T213842_840a0e
CZARA_S039_20260930T012731_ff89ea,CZARA_S039,TRAINING,MULTIPARTY,INCONCLUSIVE,FULL_FLOW,0.0,0,20,True,3,3,0,160.9245,False,True,CZARA-EV-CZARA_S039_20260930T012731_ff89ea
CZARA_S039_20260930T063820_d07a7d,CZARA_S039,TRAINING,MULTIPARTY,INCONCLUSIVE,FULL_FLOW,0.0,0,20,True,3,3,0,184.3728,False,True,CZARA-EV-CZARA_S039_20260930T063820_d07a7d
CZARA_S039_20260930T112200_cb3aa5,CZARA_S039,TRAINING,MULTIPARTY,INCONCLUSIVE,FULL_FLOW,0.0,0,20,False,2,2,0,160.2152,False,True,CZARA-EV-CZARA_S039_20260930T112200_cb3aa5
CZARA_S039_20260930T161256_4fd44e,CZARA_S039,TRAINING,MULTIPARTY,INCONCLUSIVE,FULL_FLOW,0.0,0,20,False,2,2,0,166.6872,False,True,CZARA-EV-CZARA_S039_20260930T161256_4fd44e
CZARA_S039_20260930T214201_c5d455,CZARA_S039,TRAINING,MULTIPARTY,PASS,FULL_FLOW,0.25,5,15,True,3,3,0,229.4481,False,True,CZARA-EV-CZARA_S039_20260930T214201_c5d455
CZARA_S040_20260930T013012_446070,CZARA_S040,TRAINING,MULTIPARTY,INCONCLUSIVE,FULL_FLOW,0.0,0,20,True,2,2,0,150.4502,False,True,CZARA-EV-CZARA_S040_20260930T013012_446070
CZARA_S040_20260930T064124_622422,CZARA_S040,TRAINING,MULTIPARTY,INCONCLUSIVE,FULL_FLOW,0.0,0,20,False,2,2,0,185.2491,False,True,CZARA-EV-CZARA_S040_20260930T064124_622422
CZARA_S040_20260930T112440_a952b1,CZARA_S040,TRAINING,MULTIPARTY,INCONCLUSIVE,FULL_FLOW,0.0,0,20,False,0,0,0,149.0301,False,True,CZARA-EV-CZARA_S040_20260930T112440_a952b1
CZARA_S040_20260930T161543_a25638,CZARA_S040,TRAINING,MULTIPARTY,INCONCLUSIVE,FULL_FLOW,0.0,0,20,False,1,1,0,156.3444,False,True,CZARA-EV-CZARA_S040_20260930T161543_a25638
CZARA_S040_20260930T214550_fd8539,CZARA_S040,TRAINING,MULTIPARTY,PASS,FULL_FLOW,0.1,2,18,True,2,2,0,197.7411,False,True,CZARA-EV-CZARA_S040_20260930T214550_fd8539
CZARA_S041_20260930T013242_045b56,CZARA_S041,TRAINING,CONFLICT,INCONCLUSIVE,FULL_FLOW,0.0,0,20,True,2,2,0,175.5153,False,True,CZARA-EV-CZARA_S041_20260930T013242_045b56
CZARA_S041_20260930T064429_be9f5c,CZARA_S041,TRAINING,CONFLICT,INCONCLUSIVE,FULL_FLOW,0.0,0,20,False,0,0,0,151.9451,False,True,CZARA-EV-CZARA_S041_20260930T064429_be9f5c
CZARA_S041_20260930T112709_17f05f,CZARA_S041,TRAINING,CONFLICT,INCONCLUSIVE,FULL_FLOW,0.0,0,20,False,1,1,0,168.3556,False,True,CZARA-EV-CZARA_S041_20260930T112709_17f05f
CZARA_S041_20260930T161819_8a7dc1,CZARA_S041,TRAINING,CONFLICT,INCONCLUSIVE,FULL_FLOW,0.0,0,20,False,0,0,0,150.4886,False,True,CZARA-EV-CZARA_S041_20260930T161819_8a7dc1
CZARA_S041_20260930T214908_486f0b,CZARA_S041,TRAINING,CONFLICT,PASS,ADAPT,0.65,13,7,True,2,2,0,302.42,False,True,CZARA-EV-CZARA_S041_20260930T214908_486f0b
CZARA_S042_20260930T013538_683db2,CZARA_S042,TRAINING,CONFLICT,INCONCLUSIVE,FULL_FLOW,0.0,0,20,True,3,3,0,153.8844,False,True,CZARA-EV-CZARA_S042_20260930T013538_683db2
CZARA_S042_20260930T064701_08315c,CZARA_S042,TRAINING,CONFLICT,INCONCLUSIVE,FULL_FLOW,0.05,1,19,False,2,2,0,205.658,False,True,CZARA-EV-CZARA_S042_20260930T064701_08315c
CZARA_S042_20260930T112958_c0aec4,CZARA_S042,TRAINING,CONFLICT,INCONCLUSIVE,FULL_FLOW,0.05,1,19,False,2,2,0,155.4738,False,True,CZARA-EV-CZARA_S042_20260930T112958_c0aec4
CZARA_S042_20260930T162050_f9068d,CZARA_S042,TRAINING,CONFLICT,INCONCLUSIVE,FULL_FLOW,0.05,1,19,False,3,3,0,174.4002,False,True,CZARA-EV-CZARA_S042_20260930T162050_f9068d
CZARA_S042_20260930T215411_8522d5,CZARA_S042,TRAINING,CONFLICT,PASS,ADAPT,0.7,14,6,True,3,3,0,201.5463,False,True,CZARA-EV-CZARA_S042_20260930T215411_8522d5
CZARA_S043_20260930T013812_afe0f2,CZARA_S043,TRAINING,CONFLICT,INCONCLUSIVE,FULL_FLOW,0.0,0,20,True,2,2,0,201.573,False,True,CZARA-EV-CZARA_S043_20260930T013812_afe0f2
CZARA_S043_20260930T065027_8a4e81,CZARA_S043,TRAINING,CONFLICT,INCONCLUSIVE,FULL_FLOW,0.0,0,20,False,1,1,0,169.5347,False,True,CZARA-EV-CZARA_S043_20260930T065027_8a4e81
CZARA_S043_20260930T113233_7b4955,CZARA_S043,TRAINING,CONFLICT,INCONCLUSIVE,FULL_FLOW,0.0,0,20,False,0,0,0,152.4353,False,True,CZARA-EV-CZARA_S043_20260930T113233_7b4955
CZARA_S043_20260930T162344_817609,CZARA_S043,TRAINING,CONFLICT,INCONCLUSIVE,FULL_FLOW,0.0,0,20,False,0,0,0,152.3916,False,True,CZARA-EV-CZARA_S043_20260930T162344_817609
CZARA_S043_20260930T215732_6f744d,CZARA_S043,TRAINING,CONFLICT,PASS,FULL_FLOW,0.45,9,11,True,2,2,0,196.0386,False,True,CZARA-EV-CZARA_S043_20260930T215732_6f744d
CZARA_S044_20260930T014133_8577a0,CZARA_S044,TRAINING,CONFLICT,INCONCLUSIVE,FULL_FLOW,0.0,0,20,True,2,2,0,170.37,False,True,CZARA-EV-CZARA_S044_20260930T014133_8577a0
CZARA_S044_20260930T065316_30b891,CZARA_S044,TRAINING,CONFLICT,INCONCLUSIVE,FULL_FLOW,0.0,0,20,False,2,2,0,176.5868,False,True,CZARA-EV-CZARA_S044_20260930T065316_30b891
CZARA_S044_20260930T113506_7c377f,CZARA_S044,TRAINING,CONFLICT,INCONCLUSIVE,FULL_FLOW,0.0,0,20,False,1,1,0,179.0391,False,True,CZARA-EV-CZARA_S044_20260930T113506_7c377f
CZARA_S044_20260930T162617_d9904f,CZARA_S044,TRAINING,CONFLICT,INCONCLUSIVE,FULL_FLOW,0.0,0,20,False,1,1,0,168.0441,False,True,CZARA-EV-CZARA_S044_20260930T162617_d9904f
CZARA_S044_20260930T220048_6d3c67,CZARA_S044,TRAINING,CONFLICT,PASS,FULL_FLOW,0.45,9,11,True,2,2,0,350.7668,False,True,CZARA-EV-CZARA_S044_20260930T220048_6d3c67
CZARA_S045_20260930T014424_d929b0,CZARA_S045,TRAINING,CONFLICT,INCONCLUSIVE,FULL_FLOW,0.0,0,20,True,3,3,0,221.2917,False,True,CZARA-EV-CZARA_S045_20260930T014424_d929b0
CZARA_S045_20260930T065613_3e5e6a,CZARA_S045,TRAINING,CONFLICT,INCONCLUSIVE,FULL_FLOW,0.0,0,20,False,1,1,0,168.4578,False,True,CZARA-EV-CZARA_S045_20260930T065613_3e5e6a
CZARA_S045_20260930T113805_d08f9f,CZARA_S045,TRAINING,CONFLICT,INCONCLUSIVE,FULL_FLOW,0.0,0,20,False,0,0,0,150.7449,False,True,CZARA-EV-CZARA_S045_20260930T113805_d08f9f
CZARA_S045_20260930T162905_869998,CZARA_S045,TRAINING,CONFLICT,INCONCLUSIVE,FULL_FLOW,0.0,0,20,False,2,2,0,174.8101,False,True,CZARA-EV-CZARA_S045_20260930T162905_869998
CZARA_S045_20260930T220639_4f87ac,CZARA_S045,TRAINING,CONFLICT,PASS,FULL_FLOW,0.35,7,13,True,3,3,0,271.8002,False,True,CZARA-EV-CZARA_S045_20260930T220639_4f87ac
CZARA_S046_20260930T014805_f88786,CZARA_S046,TRAINING,CONFLICT,INCONCLUSIVE,FULL_FLOW,0.0,0,20,True,2,2,0,173.5676,False,True,CZARA-EV-CZARA_S046_20260930T014805_f88786
CZARA_S046_20260930T065902_01de21,CZARA_S046,TRAINING,CONFLICT,INCONCLUSIVE,FULL_FLOW,0.0,0,20,False,1,1,0,154.5461,False,True,CZARA-EV-CZARA_S046_20260930T065902_01de21
CZARA_S046_20260930T114036_60c316,CZARA_S046,TRAINING,CONFLICT,INCONCLUSIVE,FULL_FLOW,0.0,0,20,False,2,2,0,171.7438,False,True,CZARA-EV-CZARA_S046_20260930T114036_60c316
CZARA_S046_20260930T163159_81a5f3,CZARA_S046,TRAINING,CONFLICT,INCONCLUSIVE,FULL_FLOW,0.0,0,20,False,1,1,0,164.4524,False,True,CZARA-EV-CZARA_S046_20260930T163159_81a5f3
CZARA_S046_20260930T221111_c780f4,CZARA_S046,TRAINING,CONFLICT,PASS,FULL_FLOW,0.25,5,15,True,2,2,0,201.74,False,True,CZARA-EV-CZARA_S046_20260930T221111_c780f4
CZARA_S047_20260930T015059_a31a5d,CZARA_S047,TRAINING,CONFLICT,INCONCLUSIVE,FULL_FLOW,0.0,0,20,True,2,2,0,183.4358,False,True,CZARA-EV-CZARA_S047_20260930T015059_a31a5d
CZARA_S047_20260930T070136_079e8a,CZARA_S047,TRAINING,CONFLICT,INCONCLUSIVE,FULL_FLOW,0.0,0,20,False,2,2,0,198.0454,False,True,CZARA-EV-CZARA_S047_20260930T070136_079e8a
CZARA_S047_20260930T114327_775fef,CZARA_S047,TRAINING,CONFLICT,INCONCLUSIVE,FULL_FLOW,0.0,0,20,False,1,1,0,158.2483,False,True,CZARA-EV-CZARA_S047_20260930T114327_775fef
CZARA_S047_20260930T163444_9a86c6,CZARA_S047,TRAINING,CONFLICT,INCONCLUSIVE,FULL_FLOW,0.0,0,20,False,0,0,0,146.3594,False,True,CZARA-EV-CZARA_S047_20260930T163444_9a86c6
CZARA_S047_20260930T221433_682460,CZARA_S047,TRAINING,CONFLICT,PASS,FULL_FLOW,0.2,4,16,True,2,2,0,253.0666,False,True,CZARA-EV-CZARA_S047_20260930T221433_682460
CZARA_S048_20260930T015402_5846b4,CZARA_S048,TRAINING,CONFLICT,INCONCLUSIVE,FULL_FLOW,0.0,0,20,True,3,3,0,214.4356,False,True,CZARA-EV-CZARA_S048_20260930T015402_5846b4
CZARA_S048_20260930T070454_4e0f17,CZARA_S048,TRAINING,CONFLICT,INCONCLUSIVE,FULL_FLOW,0.0,0,20,False,1,1,0,169.6834,False,True,CZARA-EV-CZARA_S048_20260930T070454_4e0f17
CZARA_S048_20260930T114606_6174bd,CZARA_S048,TRAINING,CONFLICT,INCONCLUSIVE,FULL_FLOW,0.0,0,20,False,3,3,0,192.5226,False,True,CZARA-EV-CZARA_S048_20260930T114606_6174bd
CZARA_S048_20260930T163710_341638,CZARA_S048,TRAINING,CONFLICT,INCONCLUSIVE,FULL_FLOW,0.0,0,20,False,0,0,0,151.4597,False,True,CZARA-EV-CZARA_S048_20260930T163710_341638
CZARA_S048_20260930T221846_249b9a,CZARA_S048,TRAINING,CONFLICT,PASS,FULL_FLOW,0.4,8,12,True,3,3,0,233.7934,False,True,CZARA-EV-CZARA_S048_20260930T221846_249b9a
CZARA_S049_20260930T015736_bfae3d,CZARA_S049,TRAINING,CONFLICT,INCONCLUSIVE,FULL_FLOW,0.0,0,20,True,2,2,0,159.964,False,True,CZARA-EV-CZARA_S049_20260930T015736_bfae3d
CZARA_S049_20260930T070744_f6d6ec,CZARA_S049,TRAINING,CONFLICT,INCONCLUSIVE,FULL_FLOW,0.0,0,20,False,1,1,0,158.2319,False,True,CZARA-EV-CZARA_S049_20260930T070744_f6d6ec
CZARA_S049_20260930T114918_f004c0,CZARA_S049,TRAINING,CONFLICT,INCONCLUSIVE,FULL_FLOW,0.0,0,20,False,1,1,0,155.7546,False,True,CZARA-EV-CZARA_S049_20260930T114918_f004c0
CZARA_S049_20260930T163942_56790a,CZARA_S049,TRAINING,CONFLICT,INCONCLUSIVE,FULL_FLOW,0.0,0,20,False,1,1,0,152.0826,False,True,CZARA-EV-CZARA_S049_20260930T163942_56790a
CZARA_S049_20260930T222240_30d18a,CZARA_S049,TRAINING,CONFLICT,PASS,ADAPT,0.6,12,8,True,2,2,0,210.4273,False,True,CZARA-EV-CZARA_S049_20260930T222240_30d18a
CZARA_S050_20260930T020016_ab4aff,CZARA_S050,TRAINING,CONFLICT,INCONCLUSIVE,FULL_FLOW,0.0,0,20,True,2,2,0,154.3344,False,True,CZARA-EV-CZARA_S050_20260930T020016_ab4aff
CZARA_S050_20260930T071022_bb1a5a,CZARA_S050,TRAINING,CONFLICT,INCONCLUSIVE,FULL_FLOW,0.0,0,20,False,0,0,0,150.5296,False,True,CZARA-EV-CZARA_S050_20260930T071022_bb1a5a
CZARA_S050_20260930T115154_d3b21f,CZARA_S050,TRAINING,CONFLICT,INCONCLUSIVE,FULL_FLOW,0.0,0,20,False,1,1,0,167.2487,False,True,CZARA-EV-CZARA_S050_20260930T115154_d3b21f
CZARA_S050_20260930T164214_f945fb,CZARA_S050,TRAINING,CONFLICT,INCONCLUSIVE,FULL_FLOW,0.0,0,20,False,1,1,0,156.6848,False,True,CZARA-EV-CZARA_S050_20260930T164214_f945fb
CZARA_S050_20260930T222610_de7265,CZARA_S050,TRAINING,CONFLICT,PASS,FULL_FLOW,0.25,5,15,True,2,2,0,326.6887,False,True,CZARA-EV-CZARA_S050_20260930T222610_de7265
CZARA_S051_20260930T020251_fff547,CZARA_S051,TRAINING,NOISE_DUP,INCONCLUSIVE,FULL_FLOW,0.0,0,20,True,3,3,0,163.7641,False,True,CZARA-EV-CZARA_S051_20260930T020251_fff547
CZARA_S051_20260930T071253_eb9b58,CZARA_S051,TRAINING,NOISE_DUP,INCONCLUSIVE,FULL_FLOW,0.0,0,20,False,1,1,0,163.3819,False,True,CZARA-EV-CZARA_S051_20260930T071253_eb9b58
CZARA_S051_20260930T115441_be92a4,CZARA_S051,TRAINING,NOISE_DUP,INCONCLUSIVE,FULL_FLOW,0.0,0,20,False,1,1,0,156.1897,False,True,CZARA-EV-CZARA_S051_20260930T115441_be92a4
CZARA_S051_20260930T164451_ea0c6e,CZARA_S051,TRAINING,NOISE_DUP,INCONCLUSIVE,FULL_FLOW,0.0,0,20,False,1,1,0,166.2818,False,True,CZARA-EV-CZARA_S051_20260930T164451_ea0c6e
CZARA_S051_20260930T223137_45a537,CZARA_S051,TRAINING,NOISE_DUP,PASS,FULL_FLOW,0.1,2,18,True,3,3,0,230.4934,False,True,CZARA-EV-CZARA_S051_20260930T223137_45a537
CZARA_S052_20260930T020535_ef68d5,CZARA_S052,TRAINING,NOISE_DUP,INCONCLUSIVE,FULL_FLOW,0.0,0,20,True,2,2,0,165.0122,False,True,CZARA-EV-CZARA_S052_20260930T020535_ef68d5
CZARA_S052_20260930T071536_e59f4e,CZARA_S052,TRAINING,NOISE_DUP,INCONCLUSIVE,FULL_FLOW,0.0,0,20,False,1,1,0,160.8279,False,True,CZARA-EV-CZARA_S052_20260930T071536_e59f4e
CZARA_S052_20260930T115717_4865f5,CZARA_S052,TRAINING,NOISE_DUP,INCONCLUSIVE,FULL_FLOW,0.0,0,20,False,0,0,0,153.7085,False,True,CZARA-EV-CZARA_S052_20260930T115717_4865f5
CZARA_S052_20260930T164737_e839da,CZARA_S052,TRAINING,NOISE_DUP,INCONCLUSIVE,FULL_FLOW,0.0,0,20,False,1,1,0,187.0615,False,True,CZARA-EV-CZARA_S052_20260930T164737_e839da
CZARA_S052_20260930T223527_c14846,CZARA_S052,TRAINING,NOISE_DUP,INCONCLUSIVE,FULL_FLOW,0.35,7,13,False,2,2,0,199.2602,False,True,CZARA-EV-CZARA_S052_20260930T223527_c14846
CZARA_S052_20261001T002516_e0c092,CZARA_S052,TRAINING,NOISE_DUP,PASS,ADAPT,0.75,15,5,True,2,2,0,236.1789,False,True,CZARA-EV-CZARA_S052_20261001T002516_e0c092
CZARA_S053_20260930T020820_f95114,CZARA_S053,TRAINING,NOISE_DUP,INCONCLUSIVE,FULL_FLOW,0.0,0,20,True,2,2,0,150.4245,False,True,CZARA-EV-CZARA_S053_20260930T020820_f95114
CZARA_S053_20260930T071817_cc6e5b,CZARA_S053,TRAINING,NOISE_DUP,INCONCLUSIVE,FULL_FLOW,0.0,0,20,False,0,0,0,152.5204,False,True,CZARA-EV-CZARA_S053_20260930T071817_cc6e5b
CZARA_S053_20260930T115951_183916,CZARA_S053,TRAINING,NOISE_DUP,INCONCLUSIVE,FULL_FLOW,0.0,0,20,False,0,0,0,149.9776,False,True,CZARA-EV-CZARA_S053_20260930T115951_183916
CZARA_S053_20260930T165044_36b00a,CZARA_S053,TRAINING,NOISE_DUP,INCONCLUSIVE,FULL_FLOW,0.0,0,20,False,1,1,0,168.1207,False,True,CZARA-EV-CZARA_S053_20260930T165044_36b00a
CZARA_S053_20260930T223847_d2a396,CZARA_S053,TRAINING,NOISE_DUP,PASS,FULL_FLOW,0.1,2,18,True,2,2,0,233.4839,False,True,CZARA-EV-CZARA_S053_20260930T223847_d2a396
CZARA_S054_20260930T021050_c7ca40,CZARA_S054,TRAINING,NOISE_DUP,PASS,FULL_FLOW,0.0,0,20,True,3,3,0,168.536,False,True,CZARA-EV-CZARA_S054_20260930T021050_c7ca40
CZARA_S055_20260930T021339_26fa0c,CZARA_S055,TRAINING,NOISE_DUP,INCONCLUSIVE,FULL_FLOW,0.0,0,20,True,2,2,0,165.0809,False,True,CZARA-EV-CZARA_S055_20260930T021339_26fa0c
CZARA_S055_20260930T072049_448a77,CZARA_S055,TRAINING,NOISE_DUP,PASS,FULL_FLOW,0.0,0,20,True,2,2,0,126.7739,False,True,CZARA-EV-CZARA_S055_20260930T072049_448a77
CZARA_S056_20260930T021624_334456,CZARA_S056,TRAINING,NOISE_DUP,INCONCLUSIVE,FULL_FLOW,0.0,0,20,True,2,2,0,172.6425,False,True,CZARA-EV-CZARA_S056_20260930T021624_334456
CZARA_S056_20260930T072256_42e499,CZARA_S056,TRAINING,NOISE_DUP,INCONCLUSIVE,FULL_FLOW,0.0,0,20,True,2,2,0,90.2272,False,True,CZARA-EV-CZARA_S056_20260930T072256_42e499
CZARA_S056_20260930T120221_9ab656,CZARA_S056,TRAINING,NOISE_DUP,INCONCLUSIVE,FULL_FLOW,0.0,0,20,False,0,0,0,155.9994,False,True,CZARA-EV-CZARA_S056_20260930T120221_9ab656
CZARA_S056_20260930T165332_a77947,CZARA_S056,TRAINING,NOISE_DUP,INCONCLUSIVE,FULL_FLOW,0.0,0,20,False,2,2,0,173.5887,False,True,CZARA-EV-CZARA_S056_20260930T165332_a77947
CZARA_S056_20260930T224240_7b2d9b,CZARA_S056,TRAINING,NOISE_DUP,PASS,ADAPT,0.7,14,6,True,2,2,0,212.0473,False,True,CZARA-EV-CZARA_S056_20260930T224240_7b2d9b
CZARA_S057_20260930T021916_ab37e3,CZARA_S057,TRAINING,NOISE_DUP,INCONCLUSIVE,FULL_FLOW,0.0,0,20,True,3,3,0,173.3309,False,True,CZARA-EV-CZARA_S057_20260930T021916_ab37e3
CZARA_S057_20260930T072426_fed30e,CZARA_S057,TRAINING,NOISE_DUP,INCONCLUSIVE,FULL_FLOW,0.0,0,20,False,1,1,0,169.7957,False,True,CZARA-EV-CZARA_S057_20260930T072426_fed30e
CZARA_S057_20260930T120457_204d0e,CZARA_S057,TRAINING,NOISE_DUP,INCONCLUSIVE,FULL_FLOW,0.0,0,20,False,2,2,0,198.0676,False,True,CZARA-EV-CZARA_S057_20260930T120457_204d0e
CZARA_S057_20260930T165626_520aed,CZARA_S057,TRAINING,NOISE_DUP,INCONCLUSIVE,FULL_FLOW,0.0,0,20,False,1,1,0,212.8817,False,True,CZARA-EV-CZARA_S057_20260930T165626_520aed
CZARA_S057_20260930T224612_83c075,CZARA_S057,TRAINING,NOISE_DUP,PASS,FULL_FLOW,0.35,7,13,True,3,3,0,253.0335,False,True,CZARA-EV-CZARA_S057_20260930T224612_83c075
CZARA_S058_20260930T022210_cf926a,CZARA_S058,TRAINING,NOISE_DUP,PASS,FULL_FLOW,0.0,0,20,True,2,2,0,33.7199,False,True,CZARA-EV-CZARA_S058_20260930T022210_cf926a
CZARA_S059_20260930T022243_5f4c80,CZARA_S059,TRAINING,NOISE_DUP,INCONCLUSIVE,FULL_FLOW,0.0,0,20,True,2,2,0,159.1311,False,True,CZARA-EV-CZARA_S059_20260930T022243_5f4c80
CZARA_S059_20260930T072716_da1c86,CZARA_S059,TRAINING,NOISE_DUP,INCONCLUSIVE,FULL_FLOW,0.0,0,20,False,1,1,0,222.8337,False,True,CZARA-EV-CZARA_S059_20260930T072716_da1c86
CZARA_S059_20260930T120815_0701cd,CZARA_S059,TRAINING,NOISE_DUP,INCONCLUSIVE,FULL_FLOW,0.0,0,20,False,1,1,0,172.4966,False,True,CZARA-EV-CZARA_S059_20260930T120815_0701cd
CZARA_S059_20260930T165959_ac6a95,CZARA_S059,TRAINING,NOISE_DUP,INCONCLUSIVE,FULL_FLOW,0.0,0,20,False,1,1,0,227.0277,False,True,CZARA-EV-CZARA_S059_20260930T165959_ac6a95
CZARA_S059_20260930T225025_eb8b32,CZARA_S059,TRAINING,NOISE_DUP,PASS,ADAPT,0.75,15,5,True,2,2,0,284.8643,False,True,CZARA-EV-CZARA_S059_20260930T225025_eb8b32
CZARA_S060_20260930T022523_d40e7d,CZARA_S060,TRAINING,NOISE_DUP,INCONCLUSIVE,FULL_FLOW,0.0,0,20,True,3,3,0,160.6217,False,True,CZARA-EV-CZARA_S060_20260930T022523_d40e7d
CZARA_S060_20260930T073059_a58e1a,CZARA_S060,TRAINING,NOISE_DUP,INCONCLUSIVE,FULL_FLOW,0.0,0,20,False,1,1,0,146.8749,False,True,CZARA-EV-CZARA_S060_20260930T073059_a58e1a
CZARA_S060_20260930T121108_3f712a,CZARA_S060,TRAINING,NOISE_DUP,INCONCLUSIVE,FULL_FLOW,0.0,0,20,False,1,1,0,160.0418,False,True,CZARA-EV-CZARA_S060_20260930T121108_3f712a
CZARA_S060_20260930T170346_8a4c2a,CZARA_S060,TRAINING,NOISE_DUP,INCONCLUSIVE,FULL_FLOW,0.0,0,20,True,3,3,0,201.8331,False,True,CZARA-EV-CZARA_S060_20260930T170346_8a4c2a
CZARA_S060_20260930T225510_8394c3,CZARA_S060,TRAINING,NOISE_DUP,PASS,FULL_FLOW,0.45,9,11,True,3,3,0,176.4571,False,True,CZARA-EV-CZARA_S060_20260930T225510_8394c3
CZARA_S061_20260930T022803_fccc0a,CZARA_S061,TRAINING,LONG_MEMORY,PASS,FULL_FLOW,0.0,0,20,True,2,2,0,195.4865,False,True,CZARA-EV-CZARA_S061_20260930T022803_fccc0a
CZARA_S062_20260930T023119_950eed,CZARA_S062,TRAINING,LONG_MEMORY,PASS,FULL_FLOW,0.0,0,20,True,2,2,0,241.2482,False,True,CZARA-EV-CZARA_S062_20260930T023119_950eed
CZARA_S063_20260930T023520_fc218f,CZARA_S063,TRAINING,LONG_MEMORY,INCONCLUSIVE,FULL_FLOW,0.0,0,20,True,3,3,0,158.4365,False,True,CZARA-EV-CZARA_S063_20260930T023520_fc218f
CZARA_S063_20260930T073326_202261,CZARA_S063,TRAINING,LONG_MEMORY,INCONCLUSIVE,FULL_FLOW,0.0,0,20,False,1,1,0,158.3042,False,True,CZARA-EV-CZARA_S063_20260930T073326_202261
CZARA_S063_20260930T121348_f3db27,CZARA_S063,TRAINING,LONG_MEMORY,INCONCLUSIVE,FULL_FLOW,0.0,0,20,False,3,3,0,191.5803,False,True,CZARA-EV-CZARA_S063_20260930T121348_f3db27
CZARA_S063_20260930T170708_f80aa9,CZARA_S063,TRAINING,LONG_MEMORY,INCONCLUSIVE,FULL_FLOW,0.0,0,20,False,2,2,0,192.5712,False,True,CZARA-EV-CZARA_S063_20260930T170708_f80aa9
CZARA_S063_20260930T225807_5d96a5,CZARA_S063,TRAINING,LONG_MEMORY,PASS,FULL_FLOW,0.55,11,9,True,3,3,0,229.0955,False,True,CZARA-EV-CZARA_S063_20260930T225807_5d96a5
CZARA_S064_20260930T023758_c54389,CZARA_S064,TRAINING,LONG_MEMORY,PASS,FULL_FLOW,0.0,0,20,True,2,2,0,113.2897,False,True,CZARA-EV-CZARA_S064_20260930T023758_c54389
CZARA_S065_20260930T023952_945821,CZARA_S065,TRAINING,LONG_MEMORY,PASS,FULL_FLOW,0.0,0,20,True,2,2,0,190.3306,False,True,CZARA-EV-CZARA_S065_20260930T023952_945821
CZARA_S066_20260930T024302_2c3115,CZARA_S066,TRAINING,LONG_MEMORY,INCONCLUSIVE,FULL_FLOW,0.0,0,20,True,3,3,0,233.1775,False,True,CZARA-EV-CZARA_S066_20260930T024302_2c3115
CZARA_S066_20260930T073604_c6dab2,CZARA_S066,TRAINING,LONG_MEMORY,INCONCLUSIVE,FULL_FLOW,0.0,0,20,False,0,0,0,149.3634,False,True,CZARA-EV-CZARA_S066_20260930T073604_c6dab2
CZARA_S066_20260930T121659_c6332f,CZARA_S066,TRAINING,LONG_MEMORY,INCONCLUSIVE,FULL_FLOW,0.0,0,20,False,2,2,0,186.2612,False,True,CZARA-EV-CZARA_S066_20260930T121659_c6332f
CZARA_S066_20260930T171020_d4e539,CZARA_S066,TRAINING,LONG_MEMORY,INCONCLUSIVE,FULL_FLOW,0.0,0,20,False,1,1,0,154.568,False,True,CZARA-EV-CZARA_S066_20260930T171020_d4e539
CZARA_S066_20260930T230156_bfe52f,CZARA_S066,TRAINING,LONG_MEMORY,PASS,FULL_FLOW,0.5,10,10,True,3,3,0,328.1623,False,True,CZARA-EV-CZARA_S066_20260930T230156_bfe52f
CZARA_S067_20260930T024655_2cd1ce,CZARA_S067,TRAINING,LONG_MEMORY,INCONCLUSIVE,FULL_FLOW,0.0,0,20,True,2,2,0,147.3078,False,True,CZARA-EV-CZARA_S067_20260930T024655_2cd1ce
CZARA_S067_20260930T073834_34c620,CZARA_S067,TRAINING,LONG_MEMORY,INCONCLUSIVE,FULL_FLOW,0.0,0,20,False,2,2,0,189.5022,False,True,CZARA-EV-CZARA_S067_20260930T073834_34c620
CZARA_S067_20260930T122006_42c3ba,CZARA_S067,TRAINING,LONG_MEMORY,INCONCLUSIVE,FULL_FLOW,0.0,0,20,False,2,2,0,185.4298,False,True,CZARA-EV-CZARA_S067_20260930T122006_42c3ba
CZARA_S067_20260930T171255_191cf6,CZARA_S067,TRAINING,LONG_MEMORY,INCONCLUSIVE,FULL_FLOW,0.0,0,20,False,2,2,0,201.6595,False,True,CZARA-EV-CZARA_S067_20260930T171255_191cf6
CZARA_S067_20260930T230724_b45940,CZARA_S067,TRAINING,LONG_MEMORY,PASS,FULL_FLOW,0.2,4,16,True,2,2,0,244.6933,False,True,CZARA-EV-CZARA_S067_20260930T230724_b45940
CZARA_S068_20260930T024923_2b03af,CZARA_S068,TRAINING,LONG_MEMORY,INCONCLUSIVE,FULL_FLOW,0.0,0,20,True,2,2,0,148.2592,False,True,CZARA-EV-CZARA_S068_20260930T024923_2b03af
CZARA_S068_20260930T074143_758120,CZARA_S068,TRAINING,LONG_MEMORY,INCONCLUSIVE,FULL_FLOW,0.0,0,20,False,1,1,0,165.8797,False,True,CZARA-EV-CZARA_S068_20260930T074143_758120
CZARA_S068_20260930T122311_54cf65,CZARA_S068,TRAINING,LONG_MEMORY,INCONCLUSIVE,FULL_FLOW,0.0,0,20,False,2,2,0,177.0581,False,True,CZARA-EV-CZARA_S068_20260930T122311_54cf65
CZARA_S068_20260930T171617_5221b8,CZARA_S068,TRAINING,LONG_MEMORY,INCONCLUSIVE,FULL_FLOW,0.0,0,20,False,1,1,0,162.9829,False,True,CZARA-EV-CZARA_S068_20260930T171617_5221b8
CZARA_S068_20260930T231129_2072ef,CZARA_S068,TRAINING,LONG_MEMORY,PASS,FULL_FLOW,0.4,8,12,True,2,2,0,215.5811,False,True,CZARA-EV-CZARA_S068_20260930T231129_2072ef
CZARA_S069_20260930T025151_00c5c4,CZARA_S069,TRAINING,LONG_MEMORY,INCONCLUSIVE,FULL_FLOW,0.0,0,20,True,3,3,0,166.0626,False,True,CZARA-EV-CZARA_S069_20260930T025151_00c5c4
CZARA_S069_20260930T074429_c80666,CZARA_S069,TRAINING,LONG_MEMORY,INCONCLUSIVE,FULL_FLOW,0.0,0,20,False,0,0,0,149.8276,False,True,CZARA-EV-CZARA_S069_20260930T074429_c80666
CZARA_S069_20260930T122608_e09434,CZARA_S069,TRAINING,LONG_MEMORY,INCONCLUSIVE,FULL_FLOW,0.0,0,20,False,2,2,0,196.453,False,True,CZARA-EV-CZARA_S069_20260930T122608_e09434
CZARA_S069_20260930T171900_17df9e,CZARA_S069,TRAINING,LONG_MEMORY,INCONCLUSIVE,FULL_FLOW,0.0,0,20,False,3,3,0,189.2404,False,True,CZARA-EV-CZARA_S069_20260930T171900_17df9e
CZARA_S069_20260930T231504_5492fc,CZARA_S069,TRAINING,LONG_MEMORY,PASS,FULL_FLOW,0.55,11,9,True,3,3,0,267.7315,False,True,CZARA-EV-CZARA_S069_20260930T231504_5492fc
CZARA_S070_20260930T025437_aa50ee,CZARA_S070,TRAINING,LONG_MEMORY,INCONCLUSIVE,FULL_FLOW,0.0,0,20,True,2,2,0,146.3973,False,True,CZARA-EV-CZARA_S070_20260930T025437_aa50ee
CZARA_S070_20260930T074659_2ef7fe,CZARA_S070,TRAINING,LONG_MEMORY,INCONCLUSIVE,FULL_FLOW,0.0,0,20,False,1,1,0,164.6824,False,True,CZARA-EV-CZARA_S070_20260930T074659_2ef7fe
CZARA_S070_20260930T122925_648bfd,CZARA_S070,TRAINING,LONG_MEMORY,INCONCLUSIVE,FULL_FLOW,0.0,0,20,False,2,2,0,182.7578,False,True,CZARA-EV-CZARA_S070_20260930T122925_648bfd
CZARA_S070_20260930T172209_a1a273,CZARA_S070,TRAINING,LONG_MEMORY,INCONCLUSIVE,FULL_FLOW,0.0,0,20,False,0,0,0,162.0623,False,True,CZARA-EV-CZARA_S070_20260930T172209_a1a273
CZARA_S070_20260930T231932_4f99e5,CZARA_S070,TRAINING,LONG_MEMORY,PASS,ADAPT,0.7,14,6,True,2,2,0,203.3234,False,True,CZARA-EV-CZARA_S070_20260930T231932_4f99e5
CZARA_S071_20260930T025703_7f931d,CZARA_S071,TRAINING,CHRONOLOGY,PASS,FULL_FLOW,0.0,0,20,True,2,2,0,170.2338,False,True,CZARA-EV-CZARA_S071_20260930T025703_7f931d
CZARA_S072_20260930T025954_501b42,CZARA_S072,TRAINING,CHRONOLOGY,INCONCLUSIVE,FULL_FLOW,0.0,0,20,True,3,3,0,156.5438,False,True,CZARA-EV-CZARA_S072_20260930T025954_501b42
CZARA_S072_20260930T074944_248ed8,CZARA_S072,TRAINING,CHRONOLOGY,INCONCLUSIVE,FULL_FLOW,0.0,0,20,False,2,2,0,157.3315,False,True,CZARA-EV-CZARA_S072_20260930T074944_248ed8
CZARA_S072_20260930T123227_fef925,CZARA_S072,TRAINING,CHRONOLOGY,INCONCLUSIVE,FULL_FLOW,0.0,0,20,False,1,1,0,147.8019,False,True,CZARA-EV-CZARA_S072_20260930T123227_fef925
CZARA_S072_20260930T172451_703885,CZARA_S072,TRAINING,CHRONOLOGY,INCONCLUSIVE,FULL_FLOW,0.0,0,20,False,2,2,0,157.5514,False,True,CZARA-EV-CZARA_S072_20260930T172451_703885
CZARA_S072_20260930T232255_11b8de,CZARA_S072,TRAINING,CHRONOLOGY,PASS,ADAPT,0.65,13,7,True,3,3,0,195.1253,False,True,CZARA-EV-CZARA_S072_20260930T232255_11b8de
CZARA_S073_20260930T030230_87edb9,CZARA_S073,TRAINING,CHRONOLOGY,INCONCLUSIVE,FULL_FLOW,0.0,0,20,True,2,2,0,145.6904,False,True,CZARA-EV-CZARA_S073_20260930T030230_87edb9
CZARA_S073_20260930T075221_e1a33c,CZARA_S073,TRAINING,CHRONOLOGY,INCONCLUSIVE,FULL_FLOW,0.0,0,20,False,1,1,0,171.271,False,True,CZARA-EV-CZARA_S073_20260930T075221_e1a33c
CZARA_S073_20260930T123455_a294e0,CZARA_S073,TRAINING,CHRONOLOGY,INCONCLUSIVE,FULL_FLOW,0.0,0,20,False,1,1,0,152.9381,False,True,CZARA-EV-CZARA_S073_20260930T123455_a294e0
CZARA_S073_20260930T172729_55a40b,CZARA_S073,TRAINING,CHRONOLOGY,INCONCLUSIVE,FULL_FLOW,0.0,0,20,False,1,1,0,277.5667,False,True,CZARA-EV-CZARA_S073_20260930T172729_55a40b
CZARA_S073_20260930T232611_0df282,CZARA_S073,TRAINING,CHRONOLOGY,PASS,ADAPT,0.8,16,4,True,2,2,0,182.8444,False,True,CZARA-EV-CZARA_S073_20260930T232611_0df282
CZARA_S074_20260930T030456_0c0cc2,CZARA_S074,TRAINING,CHRONOLOGY,INCONCLUSIVE,FULL_FLOW,0.0,0,20,True,2,2,0,156.1602,False,True,CZARA-EV-CZARA_S074_20260930T030456_0c0cc2
CZARA_S074_20260930T075512_ffb3b4,CZARA_S074,TRAINING,CHRONOLOGY,INCONCLUSIVE,FULL_FLOW,0.0,0,20,False,0,0,0,163.1349,False,True,CZARA-EV-CZARA_S074_20260930T075512_ffb3b4
CZARA_S074_20260930T123728_e7be7f,CZARA_S074,TRAINING,CHRONOLOGY,INCONCLUSIVE,FULL_FLOW,0.0,0,20,False,1,1,0,170.612,False,True,CZARA-EV-CZARA_S074_20260930T123728_e7be7f
CZARA_S074_20260930T173206_6d8a25,CZARA_S074,TRAINING,CHRONOLOGY,INCONCLUSIVE,FULL_FLOW,0.0,0,20,False,1,1,0,166.8313,False,True,CZARA-EV-CZARA_S074_20260930T173206_6d8a25
CZARA_S074_20260930T232913_2c7e62,CZARA_S074,TRAINING,CHRONOLOGY,PASS,ADAPT,0.75,15,5,True,2,2,0,240.0597,False,True,CZARA-EV-CZARA_S074_20260930T232913_2c7e62
CZARA_S075_20260930T030732_858d0b,CZARA_S075,TRAINING,CHRONOLOGY,INCONCLUSIVE,FULL_FLOW,0.0,0,20,True,3,3,0,161.129,False,True,CZARA-EV-CZARA_S075_20260930T030732_858d0b
CZARA_S075_20260930T075755_dd1e44,CZARA_S075,TRAINING,CHRONOLOGY,INCONCLUSIVE,FULL_FLOW,0.0,0,20,False,2,2,0,187.4167,False,True,CZARA-EV-CZARA_S075_20260930T075755_dd1e44
CZARA_S075_20260930T124019_b7f21e,CZARA_S075,TRAINING,CHRONOLOGY,INCONCLUSIVE,FULL_FLOW,0.0,0,20,False,2,2,0,182.4973,False,True,CZARA-EV-CZARA_S075_20260930T124019_b7f21e
CZARA_S075_20260930T173453_6b834c,CZARA_S075,TRAINING,CHRONOLOGY,INCONCLUSIVE,FULL_FLOW,0.0,0,20,False,1,1,0,155.3934,False,True,CZARA-EV-CZARA_S075_20260930T173453_6b834c
CZARA_S075_20260930T233314_648111,CZARA_S075,TRAINING,CHRONOLOGY,PASS,ADAPT,0.6,12,8,True,3,3,0,213.9965,False,True,CZARA-EV-CZARA_S075_20260930T233314_648111
CZARA_S076_20260930T031013_c544ef,CZARA_S076,TRAINING,CHRONOLOGY,INCONCLUSIVE,FULL_FLOW,0.0,0,20,True,2,2,0,154.5577,False,True,CZARA-EV-CZARA_S076_20260930T031013_c544ef
CZARA_S076_20260930T080103_3d0da5,CZARA_S076,TRAINING,CHRONOLOGY,INCONCLUSIVE,FULL_FLOW,0.0,0,20,False,2,2,0,159.5767,False,True,CZARA-EV-CZARA_S076_20260930T080103_3d0da5
CZARA_S076_20260930T124321_631a87,CZARA_S076,TRAINING,CHRONOLOGY,PASS,FULL_FLOW,0.0,0,20,True,2,2,0,200.1239,False,True,CZARA-EV-CZARA_S076_20260930T124321_631a87
CZARA_S077_20260930T031248_b7589b,CZARA_S077,TRAINING,CHRONOLOGY,PASS,FULL_FLOW,0.0,0,20,True,2,2,0,239.3479,False,True,CZARA-EV-CZARA_S077_20260930T031248_b7589b
CZARA_S078_20260930T031647_8c9d68,CZARA_S078,TRAINING,CHRONOLOGY,INCONCLUSIVE,FULL_FLOW,0.0,0,20,True,3,3,0,148.3049,False,True,CZARA-EV-CZARA_S078_20260930T031647_8c9d68
CZARA_S078_20260930T080342_4c96a9,CZARA_S078,TRAINING,CHRONOLOGY,INCONCLUSIVE,FULL_FLOW,0.0,0,20,True,3,3,0,188.9764,False,True,CZARA-EV-CZARA_S078_20260930T080342_4c96a9
CZARA_S078_20260930T124641_f81a9b,CZARA_S078,TRAINING,CHRONOLOGY,INCONCLUSIVE,FULL_FLOW,0.0,0,20,False,2,2,0,208.0168,False,True,CZARA-EV-CZARA_S078_20260930T124641_f81a9b
CZARA_S078_20260930T173728_9d483f,CZARA_S078,TRAINING,CHRONOLOGY,INCONCLUSIVE,FULL_FLOW,0.0,0,20,False,1,1,0,184.8153,False,True,CZARA-EV-CZARA_S078_20260930T173728_9d483f
CZARA_S078_20260930T233648_5a8f5b,CZARA_S078,TRAINING,CHRONOLOGY,PASS,REUSE,0.9,18,2,True,3,3,0,280.7693,False,True,CZARA-EV-CZARA_S078_20260930T233648_5a8f5b
CZARA_S079_20260930T031915_ba58dc,CZARA_S079,TRAINING,CHRONOLOGY,INCONCLUSIVE,FULL_FLOW,0.0,0,20,True,2,2,0,157.2867,False,True,CZARA-EV-CZARA_S079_20260930T031915_ba58dc
CZARA_S079_20260930T080651_f9c24c,CZARA_S079,TRAINING,CHRONOLOGY,INCONCLUSIVE,FULL_FLOW,0.0,0,20,False,1,1,0,152.2859,False,True,CZARA-EV-CZARA_S079_20260930T080651_f9c24c
CZARA_S079_20260930T125010_e6a3d1,CZARA_S079,TRAINING,CHRONOLOGY,INCONCLUSIVE,FULL_FLOW,0.0,0,20,False,1,1,0,164.441,False,True,CZARA-EV-CZARA_S079_20260930T125010_e6a3d1
CZARA_S079_20260930T174033_b30c19,CZARA_S079,TRAINING,CHRONOLOGY,INCONCLUSIVE,FULL_FLOW,0.0,0,20,False,2,2,0,173.9509,False,True,CZARA-EV-CZARA_S079_20260930T174033_b30c19
CZARA_S079_20260930T234128_f3552b,CZARA_S079,TRAINING,CHRONOLOGY,PASS,REUSE,0.9,18,2,True,2,2,0,207.4906,False,True,CZARA-EV-CZARA_S079_20260930T234128_f3552b
CZARA_S080_20260930T032153_5f21c7,CZARA_S080,TRAINING,CHRONOLOGY,INCONCLUSIVE,FULL_FLOW,0.0,0,20,True,2,2,0,147.6047,False,True,CZARA-EV-CZARA_S080_20260930T032153_5f21c7
CZARA_S080_20260930T080924_b45c78,CZARA_S080,TRAINING,CHRONOLOGY,INCONCLUSIVE,FULL_FLOW,0.0,0,20,False,1,1,0,149.4219,False,True,CZARA-EV-CZARA_S080_20260930T080924_b45c78
CZARA_S080_20260930T125254_b6e797,CZARA_S080,TRAINING,CHRONOLOGY,INCONCLUSIVE,FULL_FLOW,0.0,0,20,False,1,1,0,155.1396,False,True,CZARA-EV-CZARA_S080_20260930T125254_b6e797
CZARA_S080_20260930T174327_01664b,CZARA_S080,TRAINING,CHRONOLOGY,INCONCLUSIVE,FULL_FLOW,0.0,0,20,False,0,0,0,153.887,False,True,CZARA-EV-CZARA_S080_20260930T174327_01664b
CZARA_S080_20260930T234456_959fe9,CZARA_S080,TRAINING,CHRONOLOGY,PASS,ADAPT,0.8,16,4,True,2,2,0,186.5915,False,True,CZARA-EV-CZARA_S080_20260930T234456_959fe9
CZARA_S081_20260930T032420_c3dad1,CZARA_S081,TRAINING,REVISION,INCONCLUSIVE,FULL_FLOW,0.0,0,20,True,3,3,0,167.2371,False,True,CZARA-EV-CZARA_S081_20260930T032420_c3dad1
CZARA_S081_20260930T081153_45ae49,CZARA_S081,TRAINING,REVISION,INCONCLUSIVE,FULL_FLOW,0.0,0,20,False,1,1,0,159.5114,False,True,CZARA-EV-CZARA_S081_20260930T081153_45ae49
CZARA_S081_20260930T125529_bb9846,CZARA_S081,TRAINING,REVISION,INCONCLUSIVE,FULL_FLOW,0.0,0,20,False,0,0,0,155.6649,False,True,CZARA-EV-CZARA_S081_20260930T125529_bb9846
CZARA_S081_20260930T174601_ea1c08,CZARA_S081,TRAINING,REVISION,INCONCLUSIVE,FULL_FLOW,0.0,0,20,False,2,2,0,173.0684,False,True,CZARA-EV-CZARA_S081_20260930T174601_ea1c08
CZARA_S081_20260930T234802_ca6ac4,CZARA_S081,TRAINING,REVISION,PASS,ADAPT,0.75,15,5,True,3,3,0,193.0378,False,True,CZARA-EV-CZARA_S081_20260930T234802_ca6ac4
CZARA_S082_20260930T032708_8c9e43,CZARA_S082,TRAINING,REVISION,INCONCLUSIVE,FULL_FLOW,0.0,0,20,True,2,2,0,166.7873,False,True,CZARA-EV-CZARA_S082_20260930T032708_8c9e43
CZARA_S082_20260930T081433_d1ab51,CZARA_S082,TRAINING,REVISION,INCONCLUSIVE,FULL_FLOW,0.0,0,20,False,1,1,0,157.2831,False,True,CZARA-EV-CZARA_S082_20260930T081433_d1ab51
CZARA_S082_20260930T125805_0ee2e1,CZARA_S082,TRAINING,REVISION,INCONCLUSIVE,FULL_FLOW,0.0,0,20,False,1,1,0,151.9104,False,True,CZARA-EV-CZARA_S082_20260930T125805_0ee2e1
CZARA_S082_20260930T174854_2be74b,CZARA_S082,TRAINING,REVISION,INCONCLUSIVE,FULL_FLOW,0.0,0,20,False,1,1,0,183.9621,False,True,CZARA-EV-CZARA_S082_20260930T174854_2be74b
CZARA_S082_20260930T235116_382cb2,CZARA_S082,TRAINING,REVISION,PASS,ADAPT,0.8,16,4,True,2,2,0,215.701,False,True,CZARA-EV-CZARA_S082_20260930T235116_382cb2
CZARA_S083_20260930T032954_734a44,CZARA_S083,TRAINING,REVISION,INCONCLUSIVE,FULL_FLOW,0.0,0,20,True,2,2,0,161.1673,False,True,CZARA-EV-CZARA_S083_20260930T032954_734a44
CZARA_S083_20260930T081710_a03f63,CZARA_S083,TRAINING,REVISION,INCONCLUSIVE,FULL_FLOW,0.0,0,20,False,1,1,0,211.9704,False,True,CZARA-EV-CZARA_S083_20260930T081710_a03f63
CZARA_S083_20260930T130037_7f9f2c,CZARA_S083,TRAINING,REVISION,INCONCLUSIVE,FULL_FLOW,0.0,0,20,False,2,2,0,164.8973,False,True,CZARA-EV-CZARA_S083_20260930T130037_7f9f2c
CZARA_S083_20260930T175158_3b6afc,CZARA_S083,TRAINING,REVISION,INCONCLUSIVE,FULL_FLOW,0.0,0,20,False,0,0,0,148.847,False,True,CZARA-EV-CZARA_S083_20260930T175158_3b6afc
CZARA_S083_20260930T235451_22da06,CZARA_S083,TRAINING,REVISION,PASS,ADAPT,0.75,15,5,True,2,2,0,183.9925,False,True,CZARA-EV-CZARA_S083_20260930T235451_22da06
CZARA_S084_20260930T033235_29f3e0,CZARA_S084,TRAINING,REVISION,INCONCLUSIVE,FULL_FLOW,0.0,0,20,True,3,3,0,157.1221,False,True,CZARA-EV-CZARA_S084_20260930T033235_29f3e0
CZARA_S084_20260930T082042_068ce1,CZARA_S084,TRAINING,REVISION,INCONCLUSIVE,FULL_FLOW,0.0,0,20,False,2,2,0,155.7314,False,True,CZARA-EV-CZARA_S084_20260930T082042_068ce1
CZARA_S084_20260930T130322_fe0158,CZARA_S084,TRAINING,REVISION,INCONCLUSIVE,FULL_FLOW,0.0,0,20,False,3,3,0,220.4859,False,True,CZARA-EV-CZARA_S084_20260930T130322_fe0158
CZARA_S084_20260930T175427_1670c1,CZARA_S084,TRAINING,REVISION,INCONCLUSIVE,FULL_FLOW,0.0,0,20,False,2,2,0,176.0891,False,True,CZARA-EV-CZARA_S084_20260930T175427_1670c1
CZARA_S084_20260930T235755_292071,CZARA_S084,TRAINING,REVISION,PASS,REUSE,0.95,19,1,True,3,3,0,217.5843,False,True,CZARA-EV-CZARA_S084_20260930T235755_292071
CZARA_S085_20260930T033513_65ac60,CZARA_S085,TRAINING,REVISION,INCONCLUSIVE,FULL_FLOW,0.0,0,20,True,2,2,0,157.7973,False,True,CZARA-EV-CZARA_S085_20260930T033513_65ac60
CZARA_S085_20260930T082318_c06535,CZARA_S085,TRAINING,REVISION,INCONCLUSIVE,FULL_FLOW,0.0,0,20,False,1,1,0,172.3321,False,True,CZARA-EV-CZARA_S085_20260930T082318_c06535
CZARA_S085_20260930T130702_7d0a3b,CZARA_S085,TRAINING,REVISION,INCONCLUSIVE,FULL_FLOW,0.0,0,20,False,1,1,0,165.0228,False,True,CZARA-EV-CZARA_S085_20260930T130702_7d0a3b
CZARA_S085_20260930T175723_4380db,CZARA_S085,TRAINING,REVISION,INCONCLUSIVE,FULL_FLOW,0.0,0,20,False,0,0,0,151.5008,False,True,CZARA-EV-CZARA_S085_20260930T175723_4380db
CZARA_S085_20261001T000133_bbff9a,CZARA_S085,TRAINING,REVISION,PASS,REUSE,0.9,18,2,True,2,2,0,243.6129,False,True,CZARA-EV-CZARA_S085_20261001T000133_bbff9a
CZARA_S086_20260930T033750_496159,CZARA_S086,TRAINING,REVISION,INCONCLUSIVE,FULL_FLOW,0.0,0,20,True,2,2,0,147.4438,False,True,CZARA-EV-CZARA_S086_20260930T033750_496159
CZARA_S086_20260930T082610_df93e8,CZARA_S086,TRAINING,REVISION,INCONCLUSIVE,FULL_FLOW,0.0,0,20,False,1,1,0,158.2194,False,True,CZARA-EV-CZARA_S086_20260930T082610_df93e8
CZARA_S086_20260930T130947_12a1d8,CZARA_S086,TRAINING,REVISION,INCONCLUSIVE,FULL_FLOW,0.0,0,20,False,1,1,0,154.0505,False,True,CZARA-EV-CZARA_S086_20260930T130947_12a1d8
CZARA_S086_20260930T175955_918834,CZARA_S086,TRAINING,REVISION,INCONCLUSIVE,FULL_FLOW,0.0,0,20,False,1,1,0,175.7561,False,True,CZARA-EV-CZARA_S086_20260930T175955_918834
CZARA_S086_20261001T000537_5dd58c,CZARA_S086,TRAINING,REVISION,PASS,ADAPT,0.65,13,7,True,2,2,0,211.0812,False,True,CZARA-EV-CZARA_S086_20261001T000537_5dd58c
CZARA_S087_20260930T034018_772e74,CZARA_S087,TRAINING,REVISION,INCONCLUSIVE,FULL_FLOW,0.0,0,20,True,3,3,0,177.0497,False,True,CZARA-EV-CZARA_S087_20260930T034018_772e74
CZARA_S087_20260930T082848_d0195f,CZARA_S087,TRAINING,REVISION,INCONCLUSIVE,FULL_FLOW,0.0,0,20,False,0,0,0,152.0873,False,True,CZARA-EV-CZARA_S087_20260930T082848_d0195f
CZARA_S087_20260930T131221_bbbda9,CZARA_S087,TRAINING,REVISION,INCONCLUSIVE,FULL_FLOW,0.0,0,20,False,0,0,0,149.131,False,True,CZARA-EV-CZARA_S087_20260930T131221_bbbda9
CZARA_S087_20260930T180250_6a2d5f,CZARA_S087,TRAINING,REVISION,INCONCLUSIVE,FULL_FLOW,0.0,0,20,True,3,3,0,214.7191,False,True,CZARA-EV-CZARA_S087_20260930T180250_6a2d5f
CZARA_S087_20261001T000908_c650b4,CZARA_S087,TRAINING,REVISION,PASS,FULL_FLOW,0.4,8,12,True,3,3,0,303.8417,False,True,CZARA-EV-CZARA_S087_20261001T000908_c650b4
CZARA_S088_20260930T034315_6e7c0b,CZARA_S088,TRAINING,REVISION,INCONCLUSIVE,FULL_FLOW,0.0,0,20,True,2,2,0,152.4951,False,True,CZARA-EV-CZARA_S088_20260930T034315_6e7c0b
CZARA_S088_20260930T083120_9a2d8f,CZARA_S088,TRAINING,REVISION,INCONCLUSIVE,FULL_FLOW,0.0,0,20,False,1,1,0,173.1287,False,True,CZARA-EV-CZARA_S088_20260930T083120_9a2d8f
CZARA_S088_20260930T131450_ad9fb9,CZARA_S088,TRAINING,REVISION,INCONCLUSIVE,FULL_FLOW,0.0,0,20,False,0,0,0,151.0659,False,True,CZARA-EV-CZARA_S088_20260930T131450_ad9fb9
CZARA_S088_20260930T180625_6d9960,CZARA_S088,TRAINING,REVISION,INCONCLUSIVE,FULL_FLOW,0.0,0,20,False,1,1,0,175.4253,False,True,CZARA-EV-CZARA_S088_20260930T180625_6d9960
CZARA_S088_20261001T001411_230f45,CZARA_S088,TRAINING,REVISION,PASS,ADAPT,0.6,12,8,True,2,2,0,217.3385,False,True,CZARA-EV-CZARA_S088_20261001T001411_230f45
CZARA_S089_20260930T034547_2ddce7,CZARA_S089,TRAINING,REVISION,INCONCLUSIVE,FULL_FLOW,0.0,0,20,True,2,2,0,149.636,False,True,CZARA-EV-CZARA_S089_20260930T034547_2ddce7
CZARA_S089_20260930T083413_d0d226,CZARA_S089,TRAINING,REVISION,INCONCLUSIVE,FULL_FLOW,0.0,0,20,False,1,1,0,157.696,False,True,CZARA-EV-CZARA_S089_20260930T083413_d0d226
CZARA_S089_20260930T131721_616a0f,CZARA_S089,TRAINING,REVISION,INCONCLUSIVE,FULL_FLOW,0.0,0,20,False,1,1,0,166.615,False,True,CZARA-EV-CZARA_S089_20260930T131721_616a0f
CZARA_S089_20260930T180921_5ed738,CZARA_S089,TRAINING,REVISION,INCONCLUSIVE,FULL_FLOW,0.0,0,20,False,2,2,0,276.6754,False,True,CZARA-EV-CZARA_S089_20260930T180921_5ed738
CZARA_S089_20261001T001749_ca1e67,CZARA_S089,TRAINING,REVISION,PASS,ADAPT,0.6,12,8,True,2,2,0,237.3107,False,True,CZARA-EV-CZARA_S089_20261001T001749_ca1e67
CZARA_S090_20260930T034817_52d9f5,CZARA_S090,TRAINING,REVISION,INCONCLUSIVE,FULL_FLOW,0.0,0,20,True,3,3,0,159.7993,False,True,CZARA-EV-CZARA_S090_20260930T034817_52d9f5
CZARA_S090_20260930T083651_a42dee,CZARA_S090,TRAINING,REVISION,INCONCLUSIVE,FULL_FLOW,0.05,1,19,False,2,2,0,202.5427,False,True,CZARA-EV-CZARA_S090_20260930T083651_a42dee
CZARA_S090_20260930T132008_08e163,CZARA_S090,TRAINING,REVISION,INCONCLUSIVE,FULL_FLOW,0.05,1,19,False,2,2,0,165.1142,False,True,CZARA-EV-CZARA_S090_20260930T132008_08e163
CZARA_S090_20260930T181357_429556,CZARA_S090,TRAINING,REVISION,PASS,FULL_FLOW,0.05,1,19,True,3,3,0,256.7122,False,True,CZARA-EV-CZARA_S090_20260930T181357_429556
CZARA_S091_20260930T035057_911475,CZARA_S091,TRAINING,EVIDENCE,INCONCLUSIVE,FULL_FLOW,0.0,0,20,True,2,2,0,152.5945,False,True,CZARA-EV-CZARA_S091_20260930T035057_911475
CZARA_S091_20260930T084014_d0f5c0,CZARA_S091,TRAINING,EVIDENCE,INCONCLUSIVE,FULL_FLOW,0.0,0,20,False,0,0,0,155.3125,False,True,CZARA-EV-CZARA_S091_20260930T084014_d0f5c0
CZARA_S091_20260930T132253_af61c5,CZARA_S091,TRAINING,EVIDENCE,INCONCLUSIVE,FULL_FLOW,0.0,0,20,False,1,1,0,172.2605,False,True,CZARA-EV-CZARA_S091_20260930T132253_af61c5
CZARA_S091_20260930T181814_deaabd,CZARA_S091,TRAINING,EVIDENCE,PASS,FULL_FLOW,0.0,0,20,True,2,2,0,180.2254,False,True,CZARA-EV-CZARA_S091_20260930T181814_deaabd
CZARA_S092_20260930T035330_49acd1,CZARA_S092,TRAINING,EVIDENCE,INCONCLUSIVE,FULL_FLOW,0.0,0,20,True,2,2,0,147.3814,False,True,CZARA-EV-CZARA_S092_20260930T035330_49acd1
CZARA_S092_20260930T084249_1cbf30,CZARA_S092,TRAINING,EVIDENCE,INCONCLUSIVE,FULL_FLOW,0.0,0,20,False,1,1,0,176.5946,False,True,CZARA-EV-CZARA_S092_20260930T084249_1cbf30
CZARA_S092_20260930T132546_0150a7,CZARA_S092,TRAINING,EVIDENCE,INCONCLUSIVE,FULL_FLOW,0.0,0,20,False,1,1,0,162.9381,False,True,CZARA-EV-CZARA_S092_20260930T132546_0150a7
CZARA_S092_20260930T182114_488c18,CZARA_S092,TRAINING,EVIDENCE,PASS,FULL_FLOW,0.0,0,20,True,2,2,0,203.8808,False,True,CZARA-EV-CZARA_S092_20260930T182114_488c18
CZARA_S093_20260930T035557_b2e9d5,CZARA_S093,TRAINING,EVIDENCE,INCONCLUSIVE,FULL_FLOW,0.0,0,20,True,3,3,0,153.8746,False,True,CZARA-EV-CZARA_S093_20260930T035557_b2e9d5
CZARA_S093_20260930T084546_f2cc3d,CZARA_S093,TRAINING,EVIDENCE,INCONCLUSIVE,FULL_FLOW,0.05,1,19,False,0,0,0,150.8006,False,True,CZARA-EV-CZARA_S093_20260930T084546_f2cc3d
CZARA_S093_20260930T132828_e13a58,CZARA_S093,TRAINING,EVIDENCE,INCONCLUSIVE,FULL_FLOW,0.05,1,19,False,1,1,0,182.82,False,True,CZARA-EV-CZARA_S093_20260930T132828_e13a58
CZARA_S093_20260930T182438_6af72b,CZARA_S093,TRAINING,EVIDENCE,PASS,FULL_FLOW,0.05,1,19,True,3,3,0,243.4444,False,True,CZARA-EV-CZARA_S093_20260930T182438_6af72b
CZARA_S094_20260930T035831_8a89fc,CZARA_S094,TRAINING,EVIDENCE,INCONCLUSIVE,FULL_FLOW,0.0,0,20,True,2,2,0,154.7842,False,True,CZARA-EV-CZARA_S094_20260930T035831_8a89fc
CZARA_S094_20260930T084816_69daf9,CZARA_S094,TRAINING,EVIDENCE,INCONCLUSIVE,FULL_FLOW,0.0,0,20,False,1,1,0,211.8677,False,True,CZARA-EV-CZARA_S094_20260930T084816_69daf9
CZARA_S094_20260930T133131_e236e8,CZARA_S094,TRAINING,EVIDENCE,INCONCLUSIVE,FULL_FLOW,0.0,0,20,False,2,2,0,217.5776,False,True,CZARA-EV-CZARA_S094_20260930T133131_e236e8
CZARA_S094_20260930T182842_4b3de9,CZARA_S094,TRAINING,EVIDENCE,PASS,FULL_FLOW,0.0,0,20,True,2,2,0,249.1708,False,True,CZARA-EV-CZARA_S094_20260930T182842_4b3de9
CZARA_S095_20260930T040106_bab596,CZARA_S095,TRAINING,EVIDENCE,INCONCLUSIVE,FULL_FLOW,0.0,0,20,True,2,2,0,147.0008,False,True,CZARA-EV-CZARA_S095_20260930T040106_bab596
CZARA_S095_20260930T085148_a088c8,CZARA_S095,TRAINING,EVIDENCE,INCONCLUSIVE,FULL_FLOW,0.0,0,20,False,1,1,0,155.802,False,True,CZARA-EV-CZARA_S095_20260930T085148_a088c8
CZARA_S095_20260930T133509_733f6a,CZARA_S095,TRAINING,EVIDENCE,INCONCLUSIVE,FULL_FLOW,0.0,0,20,False,0,0,0,149.6702,False,True,CZARA-EV-CZARA_S095_20260930T133509_733f6a
CZARA_S095_20260930T183251_005564,CZARA_S095,TRAINING,EVIDENCE,PASS,FULL_FLOW,0.0,0,20,True,2,2,0,215.5577,False,True,CZARA-EV-CZARA_S095_20260930T183251_005564
CZARA_S096_20260930T040333_1d6ade,CZARA_S096,TRAINING,EVIDENCE,INCONCLUSIVE,FULL_FLOW,0.0,0,20,True,3,3,0,149.6184,False,True,CZARA-EV-CZARA_S096_20260930T040333_1d6ade
CZARA_S096_20260930T085424_f9bd2a,CZARA_S096,TRAINING,EVIDENCE,INCONCLUSIVE,FULL_FLOW,0.1,2,18,False,0,0,0,148.7007,False,True,CZARA-EV-CZARA_S096_20260930T085424_f9bd2a
CZARA_S096_20260930T133739_35335b,CZARA_S096,TRAINING,EVIDENCE,INCONCLUSIVE,FULL_FLOW,0.1,2,18,False,2,2,0,183.1792,False,True,CZARA-EV-CZARA_S096_20260930T133739_35335b
CZARA_S096_20260930T183626_abc638,CZARA_S096,TRAINING,EVIDENCE,PASS,FULL_FLOW,0.25,5,15,True,3,3,0,283.7578,False,True,CZARA-EV-CZARA_S096_20260930T183626_abc638
CZARA_S097_20260930T040602_eb8a6e,CZARA_S097,TRAINING,EVIDENCE,INCONCLUSIVE,FULL_FLOW,0.0,0,20,True,2,2,0,158.3908,False,True,CZARA-EV-CZARA_S097_20260930T040602_eb8a6e
CZARA_S097_20260930T085653_01d652,CZARA_S097,TRAINING,EVIDENCE,INCONCLUSIVE,FULL_FLOW,0.0,0,20,False,1,1,0,222.0851,False,True,CZARA-EV-CZARA_S097_20260930T085653_01d652
CZARA_S097_20260930T134042_fa9022,CZARA_S097,TRAINING,EVIDENCE,INCONCLUSIVE,FULL_FLOW,0.0,0,20,False,0,0,0,154.9787,False,True,CZARA-EV-CZARA_S097_20260930T134042_fa9022
CZARA_S097_20260930T184110_689596,CZARA_S097,TRAINING,EVIDENCE,PASS,FULL_FLOW,0.0,0,20,True,2,2,0,257.411,False,True,CZARA-EV-CZARA_S097_20260930T184110_689596
CZARA_S098_20260930T040841_f7e497,CZARA_S098,TRAINING,EVIDENCE,INCONCLUSIVE,FULL_FLOW,0.0,0,20,True,2,2,0,147.3372,False,True,CZARA-EV-CZARA_S098_20260930T040841_f7e497
CZARA_S098_20260930T090035_8e5c27,CZARA_S098,TRAINING,EVIDENCE,INCONCLUSIVE,FULL_FLOW,0.0,0,20,False,1,1,0,148.1323,False,True,CZARA-EV-CZARA_S098_20260930T090035_8e5c27
CZARA_S098_20260930T134317_691c12,CZARA_S098,TRAINING,EVIDENCE,INCONCLUSIVE,FULL_FLOW,0.0,0,20,False,1,1,0,189.3655,False,True,CZARA-EV-CZARA_S098_20260930T134317_691c12
CZARA_S098_20260930T184528_f6254c,CZARA_S098,TRAINING,EVIDENCE,PASS,FULL_FLOW,0.0,0,20,True,2,2,0,277.1925,False,True,CZARA-EV-CZARA_S098_20260930T184528_f6254c
CZARA_S099_20260930T041108_a14d9b,CZARA_S099,TRAINING,EVIDENCE,PASS,FULL_FLOW,0.0,0,20,True,3,3,0,170.8269,False,True,CZARA-EV-CZARA_S099_20260930T041108_a14d9b
CZARA_S100_20260930T041359_3a0d8b,CZARA_S100,TRAINING,EVIDENCE,INCONCLUSIVE,FULL_FLOW,0.0,0,20,True,2,2,0,146.8243,False,True,CZARA-EV-CZARA_S100_20260930T041359_3a0d8b
CZARA_S100_20260930T090303_43fd0a,CZARA_S100,TRAINING,EVIDENCE,INCONCLUSIVE,FULL_FLOW,0.0,0,20,False,1,1,0,164.8191,False,True,CZARA-EV-CZARA_S100_20260930T090303_43fd0a
CZARA_S100_20260930T134626_d9a046,CZARA_S100,TRAINING,EVIDENCE,INCONCLUSIVE,FULL_FLOW,0.0,0,20,False,1,1,0,145.1556,False,True,CZARA-EV-CZARA_S100_20260930T134626_d9a046
CZARA_S100_20260930T185005_35c6e8,CZARA_S100,TRAINING,EVIDENCE,PASS,FULL_FLOW,0.0,0,20,True,2,2,0,252.1091,False,True,CZARA-EV-CZARA_S100_20260930T185005_35c6e8
CZARA_S101_20260930T041626_e3b309,CZARA_S101,TRAINING,SAFETY_FREEZE,INCONCLUSIVE,FULL_FLOW,0.0,0,20,True,2,2,0,189.2291,False,True,CZARA-EV-CZARA_S101_20260930T041626_e3b309
CZARA_S101_20260930T090548_3d51ad,CZARA_S101,TRAINING,SAFETY_FREEZE,INCONCLUSIVE,FULL_FLOW,0.0,0,20,False,2,2,0,216.5535,False,True,CZARA-EV-CZARA_S101_20260930T090548_3d51ad
CZARA_S101_20260930T134851_7de76e,CZARA_S101,TRAINING,SAFETY_FREEZE,INCONCLUSIVE,FULL_FLOW,0.0,0,20,False,2,2,0,230.58,False,True,CZARA-EV-CZARA_S101_20260930T134851_7de76e
CZARA_S101_20260930T185417_3078ad,CZARA_S101,TRAINING,SAFETY_FREEZE,PASS,FULL_FLOW,0.0,0,20,True,2,2,0,179.771,False,True,CZARA-EV-CZARA_S101_20260930T185417_3078ad
CZARA_S102_20260930T041935_c7b302,CZARA_S102,TRAINING,SAFETY_FREEZE,INCONCLUSIVE,FULL_FLOW,0.0,0,20,True,3,3,0,156.8746,False,True,CZARA-EV-CZARA_S102_20260930T041935_c7b302
CZARA_S102_20260930T090925_fbf01b,CZARA_S102,TRAINING,SAFETY_FREEZE,INCONCLUSIVE,FULL_FLOW,0.0,0,20,False,1,1,0,151.6872,False,True,CZARA-EV-CZARA_S102_20260930T090925_fbf01b
CZARA_S102_20260930T135242_c3226c,CZARA_S102,TRAINING,SAFETY_FREEZE,INCONCLUSIVE,FULL_FLOW,0.0,0,20,False,0,0,0,149.4228,False,True,CZARA-EV-CZARA_S102_20260930T135242_c3226c
CZARA_S102_20260930T185717_ee72d0,CZARA_S102,TRAINING,SAFETY_FREEZE,PASS,FULL_FLOW,0.05,1,19,True,3,3,0,233.0146,False,True,CZARA-EV-CZARA_S102_20260930T185717_ee72d0
CZARA_S103_20260930T042212_ca4f24,CZARA_S103,TRAINING,SAFETY_FREEZE,INCONCLUSIVE,FULL_FLOW,0.0,0,20,True,2,2,0,153.1605,False,True,CZARA-EV-CZARA_S103_20260930T042212_ca4f24
CZARA_S103_20260930T091156_886f94,CZARA_S103,TRAINING,SAFETY_FREEZE,INCONCLUSIVE,FULL_FLOW,0.0,0,20,False,0,0,0,148.7201,False,True,CZARA-EV-CZARA_S103_20260930T091156_886f94
CZARA_S103_20260930T135511_e76e8d,CZARA_S103,TRAINING,SAFETY_FREEZE,INCONCLUSIVE,FULL_FLOW,0.0,0,20,False,0,0,0,165.1097,False,True,CZARA-EV-CZARA_S103_20260930T135511_e76e8d
CZARA_S103_20260930T190110_d810db,CZARA_S103,TRAINING,SAFETY_FREEZE,PASS,FULL_FLOW,0.0,0,20,True,2,2,0,173.141,False,True,CZARA-EV-CZARA_S103_20260930T190110_d810db
CZARA_S104_20260930T042445_4071e7,CZARA_S104,TRAINING,SAFETY_FREEZE,INCONCLUSIVE,FULL_FLOW,0.0,0,20,True,2,2,0,147.8418,False,True,CZARA-EV-CZARA_S104_20260930T042445_4071e7
CZARA_S104_20260930T091425_5f1e70,CZARA_S104,TRAINING,SAFETY_FREEZE,INCONCLUSIVE,FULL_FLOW,0.0,0,20,False,1,1,0,167.5818,False,True,CZARA-EV-CZARA_S104_20260930T091425_5f1e70
CZARA_S104_20260930T135756_30ec46,CZARA_S104,TRAINING,SAFETY_FREEZE,INCONCLUSIVE,FULL_FLOW,0.0,0,20,False,0,0,0,162.4828,False,True,CZARA-EV-CZARA_S104_20260930T135756_30ec46
CZARA_S104_20260930T190403_09f6ce,CZARA_S104,TRAINING,SAFETY_FREEZE,PASS,FULL_FLOW,0.0,0,20,True,2,2,0,165.1414,False,True,CZARA-EV-CZARA_S104_20260930T190403_09f6ce
CZARA_S105_20260930T042713_510f45,CZARA_S105,TRAINING,SAFETY_FREEZE,INCONCLUSIVE,FULL_FLOW,0.0,0,20,True,3,3,0,178.0667,False,True,CZARA-EV-CZARA_S105_20260930T042713_510f45
CZARA_S105_20260930T091713_baa2d6,CZARA_S105,TRAINING,SAFETY_FREEZE,INCONCLUSIVE,FULL_FLOW,0.0,0,20,False,1,1,0,163.9072,False,True,CZARA-EV-CZARA_S105_20260930T091713_baa2d6
CZARA_S105_20260930T140039_cfffc9,CZARA_S105,TRAINING,SAFETY_FREEZE,INCONCLUSIVE,FULL_FLOW,0.0,0,20,False,2,2,0,177.1258,False,True,CZARA-EV-CZARA_S105_20260930T140039_cfffc9
CZARA_S105_20260930T190648_4f4c38,CZARA_S105,TRAINING,SAFETY_FREEZE,PASS,FULL_FLOW,0.0,0,20,True,3,3,0,200.293,False,True,CZARA-EV-CZARA_S105_20260930T190648_4f4c38
CZARA_S106_20260930T043011_7b1f96,CZARA_S106,TRAINING,SAFETY_FREEZE,INCONCLUSIVE,FULL_FLOW,0.0,0,20,True,2,2,0,147.0083,False,True,CZARA-EV-CZARA_S106_20260930T043011_7b1f96
CZARA_S106_20260930T091957_1fe33d,CZARA_S106,TRAINING,SAFETY_FREEZE,INCONCLUSIVE,FULL_FLOW,0.15,3,17,False,2,2,0,166.4604,False,True,CZARA-EV-CZARA_S106_20260930T091957_1fe33d
CZARA_S106_20260930T140336_82c81c,CZARA_S106,TRAINING,SAFETY_FREEZE,INCONCLUSIVE,FULL_FLOW,0.15,3,17,False,1,1,0,171.7544,False,True,CZARA-EV-CZARA_S106_20260930T140336_82c81c
CZARA_S106_20260930T191008_09b47b,CZARA_S106,TRAINING,SAFETY_FREEZE,PASS,FULL_FLOW,0.25,5,15,True,2,2,0,222.8957,False,True,CZARA-EV-CZARA_S106_20260930T191008_09b47b
CZARA_S107_20260930T043238_9d78cf,CZARA_S107,TRAINING,SAFETY_FREEZE,INCONCLUSIVE,FULL_FLOW,0.0,0,20,True,2,2,0,185.1722,False,True,CZARA-EV-CZARA_S107_20260930T043238_9d78cf
CZARA_S107_20260930T092243_997af3,CZARA_S107,TRAINING,SAFETY_FREEZE,INCONCLUSIVE,FULL_FLOW,0.0,0,20,False,1,1,0,185.6358,False,True,CZARA-EV-CZARA_S107_20260930T092243_997af3
CZARA_S107_20260930T140628_df5e25,CZARA_S107,TRAINING,SAFETY_FREEZE,INCONCLUSIVE,FULL_FLOW,0.0,0,20,False,1,1,0,79.8553,False,True,CZARA-EV-CZARA_S107_20260930T140628_df5e25
CZARA_S107_20260930T191351_15f5db,CZARA_S107,TRAINING,SAFETY_FREEZE,PASS,FULL_FLOW,0.0,0,20,True,2,2,0,204.5052,False,True,CZARA-EV-CZARA_S107_20260930T191351_15f5db
CZARA_S108_20260930T043543_6c5c82,CZARA_S108,TRAINING,SAFETY_FREEZE,INCONCLUSIVE,FULL_FLOW,0.0,0,20,True,3,3,0,149.8829,False,True,CZARA-EV-CZARA_S108_20260930T043543_6c5c82
CZARA_S108_20260930T092549_c33aeb,CZARA_S108,TRAINING,SAFETY_FREEZE,INCONCLUSIVE,FULL_FLOW,0.0,0,20,False,3,3,0,181.3474,False,True,CZARA-EV-CZARA_S108_20260930T092549_c33aeb
CZARA_S108_20260930T140748_7b5029,CZARA_S108,TRAINING,SAFETY_FREEZE,PASS,FULL_FLOW,0.0,0,20,True,3,3,0,226.3557,False,True,CZARA-EV-CZARA_S108_20260930T140748_7b5029
CZARA_S109_20260930T043813_a9b054,CZARA_S109,TRAINING,SAFETY_FREEZE,PASS,FULL_FLOW,0.0,0,20,True,2,2,0,168.8458,False,True,CZARA-EV-CZARA_S109_20260930T043813_a9b054
CZARA_S110_20260930T044102_b5cbc0,CZARA_S110,TRAINING,SAFETY_FREEZE,INCONCLUSIVE,FULL_FLOW,0.0,0,20,True,2,2,0,155.7011,False,True,CZARA-EV-CZARA_S110_20260930T044102_b5cbc0
CZARA_S110_20260930T092850_996d6b,CZARA_S110,TRAINING,SAFETY_FREEZE,INCONCLUSIVE,FULL_FLOW,0.0,0,20,False,1,1,0,168.5943,False,True,CZARA-EV-CZARA_S110_20260930T092850_996d6b
CZARA_S110_20260930T141134_98ada8,CZARA_S110,TRAINING,SAFETY_FREEZE,INCONCLUSIVE,FULL_FLOW,0.0,0,20,False,1,1,0,154.034,False,True,CZARA-EV-CZARA_S110_20260930T141134_98ada8
CZARA_S110_20260930T191716_f368df,CZARA_S110,TRAINING,SAFETY_FREEZE,PASS,FULL_FLOW,0.0,0,20,True,2,2,0,206.2363,False,True,CZARA-EV-CZARA_S110_20260930T191716_f368df
CZARA_S111_20260930T044338_44e77b,CZARA_S111,TRAINING,REUSE_SPEED,INCONCLUSIVE,FULL_FLOW,0.0,0,20,True,3,3,0,173.5215,False,True,CZARA-EV-CZARA_S111_20260930T044338_44e77b
CZARA_S111_20260930T093139_dadcd4,CZARA_S111,TRAINING,REUSE_SPEED,INCONCLUSIVE,FULL_FLOW,0.0,0,20,False,1,1,0,169.2174,False,True,CZARA-EV-CZARA_S111_20260930T093139_dadcd4
CZARA_S111_20260930T141408_dfdaba,CZARA_S111,TRAINING,REUSE_SPEED,INCONCLUSIVE,FULL_FLOW,0.0,0,20,False,2,2,0,281.8482,False,True,CZARA-EV-CZARA_S111_20260930T141408_dfdaba
CZARA_S111_20260930T192042_e737a9,CZARA_S111,TRAINING,REUSE_SPEED,PASS,FULL_FLOW,0.0,0,20,True,3,3,0,220.7276,False,True,CZARA-EV-CZARA_S111_20260930T192042_e737a9
CZARA_S112_20260930T044631_583950,CZARA_S112,TRAINING,REUSE_SPEED,INCONCLUSIVE,FULL_FLOW,0.15,3,17,True,2,2,0,148.8986,False,True,CZARA-EV-CZARA_S112_20260930T044631_583950
CZARA_S112_20260930T093428_33ffb8,CZARA_S112,TRAINING,REUSE_SPEED,INCONCLUSIVE,FULL_FLOW,0.15,3,17,False,1,1,0,250.536,False,True,CZARA-EV-CZARA_S112_20260930T093428_33ffb8
CZARA_S112_20260930T141850_261d67,CZARA_S112,TRAINING,REUSE_SPEED,INCONCLUSIVE,FULL_FLOW,0.15,3,17,False,1,1,0,181.6193,False,True,CZARA-EV-CZARA_S112_20260930T141850_261d67
CZARA_S112_20260930T192423_3a0029,CZARA_S112,TRAINING,REUSE_SPEED,PASS,FULL_FLOW,0.3,6,14,True,2,2,0,171.4952,False,True,CZARA-EV-CZARA_S112_20260930T192423_3a0029
CZARA_S113_20260930T044900_e4843f,CZARA_S113,TRAINING,REUSE_SPEED,INCONCLUSIVE,FULL_FLOW,0.0,0,20,True,2,2,0,150.9047,False,True,CZARA-EV-CZARA_S113_20260930T044900_e4843f
CZARA_S113_20260930T093838_49b588,CZARA_S113,TRAINING,REUSE_SPEED,INCONCLUSIVE,FULL_FLOW,0.0,0,20,False,0,0,0,153.7155,False,True,CZARA-EV-CZARA_S113_20260930T093838_49b588
CZARA_S113_20260930T142152_f61bcb,CZARA_S113,TRAINING,REUSE_SPEED,INCONCLUSIVE,FULL_FLOW,0.0,0,20,False,0,0,0,162.8936,False,True,CZARA-EV-CZARA_S113_20260930T142152_f61bcb
CZARA_S113_20260930T192714_5a5ca0,CZARA_S113,TRAINING,REUSE_SPEED,PASS,FULL_FLOW,0.0,0,20,True,2,2,0,274.2643,False,True,CZARA-EV-CZARA_S113_20260930T192714_5a5ca0
CZARA_S114_20260930T045131_b2c4e1,CZARA_S114,TRAINING,REUSE_SPEED,INCONCLUSIVE,FULL_FLOW,0.0,0,20,True,3,3,0,150.5408,False,True,CZARA-EV-CZARA_S114_20260930T045131_b2c4e1
CZARA_S114_20260930T094112_7a9250,CZARA_S114,TRAINING,REUSE_SPEED,INCONCLUSIVE,FULL_FLOW,0.0,0,20,False,2,2,0,197.4485,False,True,CZARA-EV-CZARA_S114_20260930T094112_7a9250
CZARA_S114_20260930T142435_486f4f,CZARA_S114,TRAINING,REUSE_SPEED,INCONCLUSIVE,FULL_FLOW,0.0,0,20,False,2,2,0,154.5782,False,True,CZARA-EV-CZARA_S114_20260930T142435_486f4f
CZARA_S114_20260930T193149_8f40f1,CZARA_S114,TRAINING,REUSE_SPEED,PASS,FULL_FLOW,0.0,0,20,True,3,3,0,174.7937,False,True,CZARA-EV-CZARA_S114_20260930T193149_8f40f1
CZARA_S115_20260930T045401_fe7dd0,CZARA_S115,TRAINING,REUSE_SPEED,INCONCLUSIVE,FULL_FLOW,0.0,0,20,True,2,2,0,149.0226,False,True,CZARA-EV-CZARA_S115_20260930T045401_fe7dd0
CZARA_S115_20260930T094430_c6989f,CZARA_S115,TRAINING,REUSE_SPEED,INCONCLUSIVE,FULL_FLOW,0.0,0,20,False,0,0,0,149.4195,False,True,CZARA-EV-CZARA_S115_20260930T094430_c6989f
CZARA_S115_20260930T142709_107cab,CZARA_S115,TRAINING,REUSE_SPEED,INCONCLUSIVE,FULL_FLOW,0.0,0,20,False,0,0,0,163.3348,False,True,CZARA-EV-CZARA_S115_20260930T142709_107cab
CZARA_S115_20260930T193443_b4ad22,CZARA_S115,TRAINING,REUSE_SPEED,PASS,FULL_FLOW,0.0,0,20,True,2,2,0,188.9902,False,True,CZARA-EV-CZARA_S115_20260930T193443_b4ad22
CZARA_S116_20260930T045630_66851d,CZARA_S116,TRAINING,REUSE_SPEED,PASS,FULL_FLOW,0.0,0,20,True,2,2,0,96.6072,False,True,CZARA-EV-CZARA_S116_20260930T045630_66851d
CZARA_S117_20260930T045807_7bd0c8,CZARA_S117,TRAINING,REUSE_SPEED,INCONCLUSIVE,FULL_FLOW,0.0,0,20,True,3,3,0,186.7011,False,True,CZARA-EV-CZARA_S117_20260930T045807_7bd0c8
CZARA_S117_20260930T094659_d725ef,CZARA_S117,TRAINING,REUSE_SPEED,INCONCLUSIVE,FULL_FLOW,0.0,0,20,False,2,2,0,176.077,False,True,CZARA-EV-CZARA_S117_20260930T094659_d725ef
CZARA_S117_20260930T142953_8421a7,CZARA_S117,TRAINING,REUSE_SPEED,INCONCLUSIVE,FULL_FLOW,0.0,0,20,False,0,0,0,150.5311,False,True,CZARA-EV-CZARA_S117_20260930T142953_8421a7
CZARA_S117_20260930T193752_7c6ea3,CZARA_S117,TRAINING,REUSE_SPEED,PASS,FULL_FLOW,0.0,0,20,True,3,3,0,179.2576,False,True,CZARA-EV-CZARA_S117_20260930T193752_7c6ea3
CZARA_S118_20260930T050114_444b3a,CZARA_S118,TRAINING,REUSE_SPEED,INCONCLUSIVE,FULL_FLOW,0.0,0,20,True,2,2,0,146.8667,False,True,CZARA-EV-CZARA_S118_20260930T050114_444b3a
CZARA_S118_20260930T094955_3aa547,CZARA_S118,TRAINING,REUSE_SPEED,INCONCLUSIVE,FULL_FLOW,0.0,0,20,False,0,0,0,151.9956,False,True,CZARA-EV-CZARA_S118_20260930T094955_3aa547
CZARA_S118_20260930T143223_0e3d22,CZARA_S118,TRAINING,REUSE_SPEED,INCONCLUSIVE,FULL_FLOW,0.0,0,20,False,1,1,0,161.7165,False,True,CZARA-EV-CZARA_S118_20260930T143223_0e3d22
CZARA_S118_20260930T194052_457757,CZARA_S118,TRAINING,REUSE_SPEED,PASS,FULL_FLOW,0.2,4,16,True,2,2,0,192.3309,False,True,CZARA-EV-CZARA_S118_20260930T194052_457757
CZARA_S119_20260930T050341_c8bd8c,CZARA_S119,TRAINING,REUSE_SPEED,INCONCLUSIVE,FULL_FLOW,0.0,0,20,True,2,2,0,145.7813,False,True,CZARA-EV-CZARA_S119_20260930T050341_c8bd8c
CZARA_S119_20260930T095227_d30b51,CZARA_S119,TRAINING,REUSE_SPEED,INCONCLUSIVE,FULL_FLOW,0.0,0,20,False,0,0,0,148.0593,False,True,CZARA-EV-CZARA_S119_20260930T095227_d30b51
CZARA_S119_20260930T143505_2b5852,CZARA_S119,TRAINING,REUSE_SPEED,INCONCLUSIVE,FULL_FLOW,0.0,0,20,False,0,0,0,155.4046,False,True,CZARA-EV-CZARA_S119_20260930T143505_2b5852
CZARA_S119_20260930T194404_e9f0a7,CZARA_S119,TRAINING,REUSE_SPEED,PASS,FULL_FLOW,0.0,0,20,True,2,2,0,195.6421,False,True,CZARA-EV-CZARA_S119_20260930T194404_e9f0a7
CZARA_S120_20260930T050606_57a340,CZARA_S120,TRAINING,REUSE_SPEED,INCONCLUSIVE,FULL_FLOW,0.0,0,20,True,3,3,0,173.8181,False,True,CZARA-EV-CZARA_S120_20260930T050606_57a340
CZARA_S120_20260930T095455_2057b1,CZARA_S120,TRAINING,REUSE_SPEED,INCONCLUSIVE,FULL_FLOW,0.0,0,20,False,1,1,0,165.9983,False,True,CZARA-EV-CZARA_S120_20260930T095455_2057b1
CZARA_S120_20260930T143740_44b7c0,CZARA_S120,TRAINING,REUSE_SPEED,INCONCLUSIVE,FULL_FLOW,0.0,0,20,False,3,3,0,193.053,False,True,CZARA-EV-CZARA_S120_20260930T143740_44b7c0
CZARA_S120_20260930T194720_2402cd,CZARA_S120,TRAINING,REUSE_SPEED,PASS,FULL_FLOW,0.0,0,20,True,3,3,0,223.83,False,True,CZARA-EV-CZARA_S120_20260930T194720_2402cd
CZARA_V001_20261001T002920_cc01e2,CZARA_V001,VALIDATION,ES_BASE,PASS,REUSE,1.0,20,0,True,2,2,0,228.7783,True,False,CZARA-EV-CZARA_V001_20261001T002920_cc01e2
CZARA_V002_20261001T003309_e6dc45,CZARA_V002,VALIDATION,ROLES,PASS,REUSE,1.0,20,0,True,2,2,0,190.9946,True,False,CZARA-EV-CZARA_V002_20261001T003309_e6dc45
CZARA_V003_20261001T003620_5a40e9,CZARA_V003,VALIDATION,AUTHORITY,PASS,REUSE,1.0,20,0,True,3,3,0,232.9817,True,False,CZARA-EV-CZARA_V003_20261001T003620_5a40e9
CZARA_V004_20261001T004013_1770f3,CZARA_V004,VALIDATION,MULTIPARTY,PASS,REUSE,1.0,20,0,True,2,2,0,214.6517,True,False,CZARA-EV-CZARA_V004_20261001T004013_1770f3
CZARA_V005_20261001T004347_f4ba3e,CZARA_V005,VALIDATION,CONFLICT,PASS,REUSE,1.0,20,0,True,2,2,0,234.7226,True,False,CZARA-EV-CZARA_V005_20261001T004347_f4ba3e
CZARA_V006_20261001T004742_b5d31a,CZARA_V006,VALIDATION,NOISE_DUP,PASS,REUSE,1.0,20,0,True,3,3,0,215.2348,True,False,CZARA-EV-CZARA_V006_20261001T004742_b5d31a
CZARA_V007_20261001T005117_cce84e,CZARA_V007,VALIDATION,LONG_MEMORY,PASS,REUSE,1.0,20,0,True,2,2,0,184.1019,True,False,CZARA-EV-CZARA_V007_20261001T005117_cce84e
CZARA_V008_20261001T005421_7253a5,CZARA_V008,VALIDATION,CHRONOLOGY,PASS,REUSE,1.0,20,0,True,2,2,0,204.5193,True,False,CZARA-EV-CZARA_V008_20261001T005421_7253a5
CZARA_V009_20261001T005746_71cc43,CZARA_V009,VALIDATION,REVISION,PASS,REUSE,1.0,20,0,True,3,3,0,221.5946,True,False,CZARA-EV-CZARA_V009_20261001T005746_71cc43
CZARA_V010_20261001T010127_75f3f3,CZARA_V010,VALIDATION,EVIDENCE,PASS,REUSE,1.0,20,0,True,2,2,0,185.749,True,False,CZARA-EV-CZARA_V010_20261001T010127_75f3f3
CZARA_V011_20261001T010433_18795e,CZARA_V011,VALIDATION,SAFETY_FREEZE,PASS,REUSE,1.0,20,0,True,2,2,0,240.0375,True,False,CZARA-EV-CZARA_V011_20261001T010433_18795e
CZARA_V012_20261001T010833_6dcd96,CZARA_V012,VALIDATION,REUSE_SPEED,PASS,REUSE,1.0,20,0,True,3,3,0,228.5754,True,False,CZARA-EV-CZARA_V012_20261001T010833_6dcd96
CZARA_V013_20261001T011222_978efb,CZARA_V013,VALIDATION,ES_BASE,PASS,REUSE,1.0,20,0,True,2,2,0,218.6868,True,False,CZARA-EV-CZARA_V013_20261001T011222_978efb
CZARA_V014_20261001T011600_8ae865,CZARA_V014,VALIDATION,ROLES,PASS,REUSE,1.0,20,0,True,2,2,0,191.25,True,False,CZARA-EV-CZARA_V014_20261001T011600_8ae865
CZARA_V015_20261001T011912_dc323b,CZARA_V015,VALIDATION,AUTHORITY,PASS,REUSE,1.0,20,0,True,3,3,0,274.0797,True,False,CZARA-EV-CZARA_V015_20261001T011912_dc323b
CZARA_V016_20261001T012346_b79506,CZARA_V016,VALIDATION,MULTIPARTY,PASS,REUSE,1.0,20,0,True,2,2,0,189.5959,True,False,CZARA-EV-CZARA_V016_20261001T012346_b79506
CZARA_V017_20261001T012655_5e16c0,CZARA_V017,VALIDATION,CONFLICT,PASS,REUSE,1.0,20,0,True,2,2,0,232.8877,True,False,CZARA-EV-CZARA_V017_20261001T012655_5e16c0
CZARA_V018_20261001T013048_b07a7e,CZARA_V018,VALIDATION,NOISE_DUP,PASS,REUSE,1.0,20,0,True,3,3,0,252.7966,True,False,CZARA-EV-CZARA_V018_20261001T013048_b07a7e
CZARA_V019_20261001T013501_b1a7b7,CZARA_V019,VALIDATION,LONG_MEMORY,PASS,REUSE,1.0,20,0,True,2,2,0,236.7791,True,False,CZARA-EV-CZARA_V019_20261001T013501_b1a7b7
CZARA_V020_20261001T013858_568ed5,CZARA_V020,VALIDATION,CHRONOLOGY,PASS,REUSE,1.0,20,0,True,2,2,0,200.9243,True,False,CZARA-EV-CZARA_V020_20261001T013858_568ed5
CZARA_V021_20261001T014219_d626be,CZARA_V021,VALIDATION,REVISION,PASS,REUSE,1.0,20,0,True,3,3,0,259.2231,True,False,CZARA-EV-CZARA_V021_20261001T014219_d626be
CZARA_V022_20261001T014638_2655e8,CZARA_V022,VALIDATION,EVIDENCE,PASS,REUSE,1.0,20,0,True,2,2,0,208.2296,True,False,CZARA-EV-CZARA_V022_20261001T014638_2655e8
CZARA_V023_20261001T015006_b00ea4,CZARA_V023,VALIDATION,SAFETY_FREEZE,PASS,REUSE,1.0,20,0,True,2,2,0,253.7847,True,False,CZARA-EV-CZARA_V023_20261001T015006_b00ea4
CZARA_V024_20261001T015420_81b970,CZARA_V024,VALIDATION,REUSE_SPEED,PASS,REUSE,1.0,20,0,True,3,3,0,220.8297,True,False,CZARA-EV-CZARA_V024_20261001T015420_81b970